"TableVariableCode11","TableVariableCode21","CategoryCode11","VariableName11","TableName11","TableCode11","Denominator21","TS_code","Domain21","TableName21","TableCode21","VariableName21"
"NM_1530_1_0","NM_2021_1_0",0,"All categories: Residence type","Residence type","NM_1530_1","All usual residents","TS001","Demography and Migration","Residency type","NM_2021_1","Total: All usual residents"
"NM_1530_1_1","NM_2021_1_1",1,"Lives in a household","Residence type","NM_1530_1","All usual residents","TS001","Demography and Migration","Residency type","NM_2021_1","Lives in a household"
"NM_1530_1_2","NM_2021_1_2",2,"Lives in a communal establishment","Residence type","NM_1530_1","All usual residents","TS001","Demography and Migration","Residency type","NM_2021_1","Lives in a communal establishment"
"NM_1500_1_0","NM_2022_1_0",0,"All usual residents aged 16+","Marital and civil partnership status","NM_1500_1","All usual residents","TS002","Demography and Migration","Legal partnership status","NM_2022_1","Total: All usual residents aged 16 years and over"
"NM_1500_1_1","NM_2022_1_1",1,"Single (never married or never registered a same-sex civil partnership)","Marital and civil partnership status","NM_1500_1","All usual residents","TS002","Demography and Migration","Legal partnership status","NM_2022_1","Never married and never registered a civil partnership"
"NM_1500_1_2","NM_2022_1_1001",2,"Married","Marital and civil partnership status","NM_1500_1","All usual residents","TS002","Demography and Migration","Legal partnership status","NM_2022_1","Married or in a registered civil partnership"
"NM_1500_1_3","NM_2022_1_1001",3,"In a registered same-sex civil partnership","Marital and civil partnership status","NM_1500_1","All usual residents","TS002","Demography and Migration","Legal partnership status","NM_2022_1","Married or in a registered civil partnership"
"NM_1500_1_4","NM_2022_1_1004",4,"Separated (but still legally married or still legally in a same-sex civil partnership)","Marital and civil partnership status","NM_1500_1","All usual residents","TS002","Demography and Migration","Legal partnership status","NM_2022_1","Separated, but still legally married or still legally in a civil partnership"
"NM_1500_1_5","NM_2022_1_1005",5,"Divorced or formerly in a same-sex civil partnership which is now legally dissolved","Marital and civil partnership status","NM_1500_1","All usual residents","TS002","Demography and Migration","Legal partnership status","NM_2022_1","Divorced or civil partnership dissolved"
"NM_1500_1_6","NM_2022_1_1006",6,"Widowed or surviving partner from a same-sex civil partnership","Marital and civil partnership status","NM_1500_1","All usual residents","TS002","Demography and Migration","Legal partnership status","NM_2022_1","Widowed or surviving civil partnership partner"
"NM_1538_1_0","NM_2023_1_0",0,"All categories: Household composition","Household composition - Households","NM_1538_1","All households","TS003","Demography and Migration","Household composition","NM_2023_1","Total: All households"
"NM_1538_1_1","NM_2023_1_1001",1,"One person household: Total","Household composition - Households","NM_1538_1","All households","TS003","Demography and Migration","Household composition","NM_2023_1","One-person household"
"NM_1538_1_2","NM_2023_1_1",2,"One person household: Aged 65 and over","Household composition - Households","NM_1538_1","All households","TS003","Demography and Migration","Household composition","NM_2023_1","One-person household: Aged 66 years and over"
"NM_1538_1_3","NM_2023_1_2",3,"One person household: Other","Household composition - Households","NM_1538_1","All households","TS003","Demography and Migration","Household composition","NM_2023_1","One-person household: Other"
"NM_1538_1_4","NM_2023_1_1002",4,"One family only: Total","Household composition - Households","NM_1538_1","All households","TS003","Demography and Migration","Household composition","NM_2023_1","Single family household"
"NM_1538_1_5","NM_2023_1_3",5,"One family only: All aged 65 and over","Household composition - Households","NM_1538_1","All households","TS003","Demography and Migration","Household composition","NM_2023_1","Single family household: All aged 66 years and over"
"NM_1538_1_6","NM_2023_1_1003",6,"One family only: Married couple: Total","Household composition - Households","NM_1538_1","All households","TS003","Demography and Migration","Household composition","NM_2023_1","Single family household: Married or civil partnership couple"
"NM_1538_1_7","NM_2023_1_4",7,"One family only: Married couple: No children","Household composition - Households","NM_1538_1","All households","TS003","Demography and Migration","Household composition","NM_2023_1","Single family household: Married or civil partnership couple: No children"
"NM_1538_1_8","NM_2023_1_5",8,"One family only: Married couple: One dependent child","Household composition - Households","NM_1538_1","All households","TS003","Demography and Migration","Household composition","NM_2023_1","Single family household: Married or civil partnership couple: Dependent children"
"NM_1538_1_9","NM_2023_1_5",9,"One family only: Married couple: Two or more dependent children","Household composition - Households","NM_1538_1","All households","TS003","Demography and Migration","Household composition","NM_2023_1","Single family household: Married or civil partnership couple: Dependent children"
"NM_1538_1_10","NM_2023_1_6",10,"One family only: Married couple: All children non-dependent","Household composition - Households","NM_1538_1","All households","TS003","Demography and Migration","Household composition","NM_2023_1","Single family household: Married or civil partnership couple: All children non-dependent"
"NM_1538_1_11","NM_2023_1_1003",11,"One family only: Same-sex civil partnership couple: Total","Household composition - Households","NM_1538_1","All households","TS003","Demography and Migration","Household composition","NM_2023_1","Single family household: Married or civil partnership couple"
"NM_1538_1_12","NM_2023_1_1004",12,"One family only: Cohabiting couple: Total","Household composition - Households","NM_1538_1","All households","TS003","Demography and Migration","Household composition","NM_2023_1","Single family household: Cohabiting couple family"
"NM_1538_1_13","NM_2023_1_7",13,"One family only: Cohabiting couple: No children","Household composition - Households","NM_1538_1","All households","TS003","Demography and Migration","Household composition","NM_2023_1","Single family household: Cohabiting couple family: No children"
"NM_1538_1_14","NM_2023_1_8",14,"One family only: Cohabiting couple: One dependent child","Household composition - Households","NM_1538_1","All households","TS003","Demography and Migration","Household composition","NM_2023_1","Single family household: Cohabiting couple family: With dependent children"
"NM_1538_1_15","NM_2023_1_8",15,"One family only: Cohabiting couple: Two or more dependent children","Household composition - Households","NM_1538_1","All households","TS003","Demography and Migration","Household composition","NM_2023_1","Single family household: Cohabiting couple family: With dependent children"
"NM_1538_1_16","NM_2023_1_9",16,"One family only: Cohabiting couple: All children non-dependent","Household composition - Households","NM_1538_1","All households","TS003","Demography and Migration","Household composition","NM_2023_1","Single family household: Cohabiting couple family: All children non-dependent"
"NM_1538_1_17","NM_2023_1_1005",17,"One family only: Lone parent: Total","Household composition - Households","NM_1538_1","All households","TS003","Demography and Migration","Household composition","NM_2023_1","Single family household: Lone parent family"
"NM_1538_1_18","NM_2023_1_10",18,"One family only: Lone parent: One dependent child","Household composition - Households","NM_1538_1","All households","TS003","Demography and Migration","Household composition","NM_2023_1","Single family household: Lone parent family: With dependent children"
"NM_1538_1_19","NM_2023_1_10",19,"One family only: Lone parent: Two or more dependent children","Household composition - Households","NM_1538_1","All households","TS003","Demography and Migration","Household composition","NM_2023_1","Single family household: Lone parent family: With dependent children"
"NM_1538_1_20","NM_2023_1_11",20,"One family only: Lone parent: All children non-dependent","Household composition - Households","NM_1538_1","All households","TS003","Demography and Migration","Household composition","NM_2023_1","Single family household: Lone parent family: All children non-dependent"
"NM_1538_1_21","NM_2023_1_1007",21,"Other household types: Total","Household composition - Households","NM_1538_1","All households","TS003","Demography and Migration","Household composition","NM_2023_1","Other household types"
"NM_1538_1_22","NM_2023_1_13",22,"Other household types: With one dependent child","Household composition - Households","NM_1538_1","All households","TS003","Demography and Migration","Household composition","NM_2023_1","Other household types: With dependent children"
"NM_1538_1_23","NM_2023_1_13",23,"Other household types: With two or more dependent children","Household composition - Households","NM_1538_1","All households","TS003","Demography and Migration","Household composition","NM_2023_1","Other household types: With dependent children"
"NM_1538_1_24","NM_2023_1_14",24,"Other household types: All full-time students","Household composition - Households","NM_1538_1","All households","TS003","Demography and Migration","Household composition","NM_2023_1","Other household types: Other, including all full-time students and all aged 66 years and over"
"NM_1538_1_25","NM_2023_1_14",25,"Other household types: All aged 65 and over","Household composition - Households","NM_1538_1","All households","TS003","Demography and Migration","Household composition","NM_2023_1","Other household types: Other, including all full-time students and all aged 66 years and over"
"NM_1538_1_26","NM_2023_1_14",26,"Other household types: Other","Household composition - Households","NM_1538_1","All households","TS003","Demography and Migration","Household composition","NM_2023_1","Other household types: Other, including all full-time students and all aged 66 years and over"
"NM_1544_1_0","NM_2024_1_0",0,"All categories: Country of birth","Country of birth","NM_1544_1","All usual residents","TS004","Demography and Migration","Country of birth","NM_2024_1","Total: All usual residents"
"NM_1544_1_1","NM_2024_1_1001",1,"Europe: Total","Country of birth","NM_1544_1","All usual residents","TS004","Demography and Migration","Country of birth","NM_2024_1","Europe"
"NM_1544_1_2","NM_2024_1_1",2,"Europe: United Kingdom: Total","Country of birth","NM_1544_1","All usual residents","TS004","Demography and Migration","Country of birth","NM_2024_1","Europe: United Kingdom"
"NM_1544_1_8","NM_2024_1_1003",8,"Europe: Channel Islands and Isle of Man","Country of birth","NM_1544_1","All usual residents","TS004","Demography and Migration","Country of birth","NM_2024_1","Europe: Non-EU countries"
"NM_1544_1_11","NM_2024_1_1002",11,"Europe: Other Europe: EU Countries: Total","Country of birth","NM_1544_1","All usual residents","TS004","Demography and Migration","Country of birth","NM_2024_1","Europe: EU countries"
"NM_1544_1_17","NM_2024_1_1003",17,"Europe: Other Europe: Rest of Europe: Total","Country of birth","NM_1544_1","All usual residents","TS004","Demography and Migration","Country of birth","NM_2024_1","Europe: Non-EU countries"
"NM_1544_1_20","NM_2024_1_7",20,"Africa: Total","Country of birth","NM_1544_1","All usual residents","TS004","Demography and Migration","Country of birth","NM_2024_1","Africa"
"NM_1544_1_30","NM_2024_1_8",30,"Middle East and Asia: Total","Country of birth","NM_1544_1","All usual residents","TS004","Demography and Migration","Country of birth","NM_2024_1","Middle East and Asia"
"NM_1544_1_45","NM_2024_1_9",45,"The Americas and the Caribbean: Total","Country of birth","NM_1544_1","All usual residents","TS004","Demography and Migration","Country of birth","NM_2024_1","The Americas and the Caribbean"
"NM_1544_1_52","NM_2024_1_10",52,"Antarctica and Oceania: Total","Country of birth","NM_1544_1","All usual residents","TS004","Demography and Migration","Country of birth","NM_2024_1","Antarctica and Oceania (including Australasia) and Other"
"NM_160_1_2","NM_2026_1_0",2,"Density (number of persons per hectare)","Population density","NM_160_1","All usual residents","TS006","Demography and Migration","Population density","NM_2026_1","Usual residents per square kilometre"
"NM_1531_1_0","NM_2020_1_0",0,"All categories: Age","Age by single year","NM_1531_1","All usual residents","TS007A","Demography and Migration","Age structure","NM_2020_1","Total"
"NM_1531_1_1","NM_2020_1_1",1,"Age under 1","Age by single year","NM_1531_1","All usual residents","TS007A","Demography and Migration","Age structure","NM_2020_1","Aged 4 years and under"
"NM_1531_1_2","NM_2020_1_1",2,"Age 1","Age by single year","NM_1531_1","All usual residents","TS007A","Demography and Migration","Age structure","NM_2020_1","Aged 4 years and under"
"NM_1531_1_3","NM_2020_1_1",3,"Age 2","Age by single year","NM_1531_1","All usual residents","TS007A","Demography and Migration","Age structure","NM_2020_1","Aged 4 years and under"
"NM_1531_1_4","NM_2020_1_1",4,"Age 3","Age by single year","NM_1531_1","All usual residents","TS007A","Demography and Migration","Age structure","NM_2020_1","Aged 4 years and under"
"NM_1531_1_5","NM_2020_1_1",5,"Age 4","Age by single year","NM_1531_1","All usual residents","TS007A","Demography and Migration","Age structure","NM_2020_1","Aged 4 years and under"
"NM_1531_1_6","NM_2020_1_2",6,"Age 5","Age by single year","NM_1531_1","All usual residents","TS007A","Demography and Migration","Age structure","NM_2020_1","Aged 5 to 9 years"
"NM_1531_1_7","NM_2020_1_2",7,"Age 6","Age by single year","NM_1531_1","All usual residents","TS007A","Demography and Migration","Age structure","NM_2020_1","Aged 5 to 9 years"
"NM_1531_1_8","NM_2020_1_2",8,"Age 7","Age by single year","NM_1531_1","All usual residents","TS007A","Demography and Migration","Age structure","NM_2020_1","Aged 5 to 9 years"
"NM_1531_1_9","NM_2020_1_2",9,"Age 8","Age by single year","NM_1531_1","All usual residents","TS007A","Demography and Migration","Age structure","NM_2020_1","Aged 5 to 9 years"
"NM_1531_1_10","NM_2020_1_2",10,"Age 9","Age by single year","NM_1531_1","All usual residents","TS007A","Demography and Migration","Age structure","NM_2020_1","Aged 5 to 9 years"
"NM_1531_1_11","NM_2020_1_3",11,"Age 10","Age by single year","NM_1531_1","All usual residents","TS007A","Demography and Migration","Age structure","NM_2020_1","Aged 10 to 14 years"
"NM_1531_1_12","NM_2020_1_3",12,"Age 11","Age by single year","NM_1531_1","All usual residents","TS007A","Demography and Migration","Age structure","NM_2020_1","Aged 10 to 14 years"
"NM_1531_1_13","NM_2020_1_3",13,"Age 12","Age by single year","NM_1531_1","All usual residents","TS007A","Demography and Migration","Age structure","NM_2020_1","Aged 10 to 14 years"
"NM_1531_1_14","NM_2020_1_3",14,"Age 13","Age by single year","NM_1531_1","All usual residents","TS007A","Demography and Migration","Age structure","NM_2020_1","Aged 10 to 14 years"
"NM_1531_1_15","NM_2020_1_3",15,"Age 14","Age by single year","NM_1531_1","All usual residents","TS007A","Demography and Migration","Age structure","NM_2020_1","Aged 10 to 14 years"
"NM_1531_1_16","NM_2020_1_4",16,"Age 15","Age by single year","NM_1531_1","All usual residents","TS007A","Demography and Migration","Age structure","NM_2020_1","Aged 15 to 19 years"
"NM_1531_1_17","NM_2020_1_4",17,"Age 16","Age by single year","NM_1531_1","All usual residents","TS007A","Demography and Migration","Age structure","NM_2020_1","Aged 15 to 19 years"
"NM_1531_1_18","NM_2020_1_4",18,"Age 17","Age by single year","NM_1531_1","All usual residents","TS007A","Demography and Migration","Age structure","NM_2020_1","Aged 15 to 19 years"
"NM_1531_1_19","NM_2020_1_4",19,"Age 18","Age by single year","NM_1531_1","All usual residents","TS007A","Demography and Migration","Age structure","NM_2020_1","Aged 15 to 19 years"
"NM_1531_1_20","NM_2020_1_4",20,"Age 19","Age by single year","NM_1531_1","All usual residents","TS007A","Demography and Migration","Age structure","NM_2020_1","Aged 15 to 19 years"
"NM_1531_1_21","NM_2020_1_5",21,"Age 20","Age by single year","NM_1531_1","All usual residents","TS007A","Demography and Migration","Age structure","NM_2020_1","Aged 20 to 24 years"
"NM_1531_1_22","NM_2020_1_5",22,"Age 21","Age by single year","NM_1531_1","All usual residents","TS007A","Demography and Migration","Age structure","NM_2020_1","Aged 20 to 24 years"
"NM_1531_1_23","NM_2020_1_5",23,"Age 22","Age by single year","NM_1531_1","All usual residents","TS007A","Demography and Migration","Age structure","NM_2020_1","Aged 20 to 24 years"
"NM_1531_1_24","NM_2020_1_5",24,"Age 23","Age by single year","NM_1531_1","All usual residents","TS007A","Demography and Migration","Age structure","NM_2020_1","Aged 20 to 24 years"
"NM_1531_1_25","NM_2020_1_5",25,"Age 24","Age by single year","NM_1531_1","All usual residents","TS007A","Demography and Migration","Age structure","NM_2020_1","Aged 20 to 24 years"
"NM_1531_1_26","NM_2020_1_6",26,"Age 25","Age by single year","NM_1531_1","All usual residents","TS007A","Demography and Migration","Age structure","NM_2020_1","Aged 25 to 29 years"
"NM_1531_1_27","NM_2020_1_6",27,"Age 26","Age by single year","NM_1531_1","All usual residents","TS007A","Demography and Migration","Age structure","NM_2020_1","Aged 25 to 29 years"
"NM_1531_1_28","NM_2020_1_6",28,"Age 27","Age by single year","NM_1531_1","All usual residents","TS007A","Demography and Migration","Age structure","NM_2020_1","Aged 25 to 29 years"
"NM_1531_1_29","NM_2020_1_6",29,"Age 28","Age by single year","NM_1531_1","All usual residents","TS007A","Demography and Migration","Age structure","NM_2020_1","Aged 25 to 29 years"
"NM_1531_1_30","NM_2020_1_6",30,"Age 29","Age by single year","NM_1531_1","All usual residents","TS007A","Demography and Migration","Age structure","NM_2020_1","Aged 25 to 29 years"
"NM_1531_1_31","NM_2020_1_7",31,"Age 30","Age by single year","NM_1531_1","All usual residents","TS007A","Demography and Migration","Age structure","NM_2020_1","Aged 30 to 34 years"
"NM_1531_1_32","NM_2020_1_7",32,"Age 31","Age by single year","NM_1531_1","All usual residents","TS007A","Demography and Migration","Age structure","NM_2020_1","Aged 30 to 34 years"
"NM_1531_1_33","NM_2020_1_7",33,"Age 32","Age by single year","NM_1531_1","All usual residents","TS007A","Demography and Migration","Age structure","NM_2020_1","Aged 30 to 34 years"
"NM_1531_1_34","NM_2020_1_7",34,"Age 33","Age by single year","NM_1531_1","All usual residents","TS007A","Demography and Migration","Age structure","NM_2020_1","Aged 30 to 34 years"
"NM_1531_1_35","NM_2020_1_7",35,"Age 34","Age by single year","NM_1531_1","All usual residents","TS007A","Demography and Migration","Age structure","NM_2020_1","Aged 30 to 34 years"
"NM_1531_1_36","NM_2020_1_8",36,"Age 35","Age by single year","NM_1531_1","All usual residents","TS007A","Demography and Migration","Age structure","NM_2020_1","Aged 35 to 39 years"
"NM_1531_1_37","NM_2020_1_8",37,"Age 36","Age by single year","NM_1531_1","All usual residents","TS007A","Demography and Migration","Age structure","NM_2020_1","Aged 35 to 39 years"
"NM_1531_1_38","NM_2020_1_8",38,"Age 37","Age by single year","NM_1531_1","All usual residents","TS007A","Demography and Migration","Age structure","NM_2020_1","Aged 35 to 39 years"
"NM_1531_1_39","NM_2020_1_8",39,"Age 38","Age by single year","NM_1531_1","All usual residents","TS007A","Demography and Migration","Age structure","NM_2020_1","Aged 35 to 39 years"
"NM_1531_1_40","NM_2020_1_8",40,"Age 39","Age by single year","NM_1531_1","All usual residents","TS007A","Demography and Migration","Age structure","NM_2020_1","Aged 35 to 39 years"
"NM_1531_1_41","NM_2020_1_9",41,"Age 40","Age by single year","NM_1531_1","All usual residents","TS007A","Demography and Migration","Age structure","NM_2020_1","Aged 40 to 44 years"
"NM_1531_1_42","NM_2020_1_9",42,"Age 41","Age by single year","NM_1531_1","All usual residents","TS007A","Demography and Migration","Age structure","NM_2020_1","Aged 40 to 44 years"
"NM_1531_1_43","NM_2020_1_9",43,"Age 42","Age by single year","NM_1531_1","All usual residents","TS007A","Demography and Migration","Age structure","NM_2020_1","Aged 40 to 44 years"
"NM_1531_1_44","NM_2020_1_9",44,"Age 43","Age by single year","NM_1531_1","All usual residents","TS007A","Demography and Migration","Age structure","NM_2020_1","Aged 40 to 44 years"
"NM_1531_1_45","NM_2020_1_9",45,"Age 44","Age by single year","NM_1531_1","All usual residents","TS007A","Demography and Migration","Age structure","NM_2020_1","Aged 40 to 44 years"
"NM_1531_1_46","NM_2020_1_10",46,"Age 45","Age by single year","NM_1531_1","All usual residents","TS007A","Demography and Migration","Age structure","NM_2020_1","Aged 45 to 49 years"
"NM_1531_1_47","NM_2020_1_10",47,"Age 46","Age by single year","NM_1531_1","All usual residents","TS007A","Demography and Migration","Age structure","NM_2020_1","Aged 45 to 49 years"
"NM_1531_1_48","NM_2020_1_10",48,"Age 47","Age by single year","NM_1531_1","All usual residents","TS007A","Demography and Migration","Age structure","NM_2020_1","Aged 45 to 49 years"
"NM_1531_1_49","NM_2020_1_10",49,"Age 48","Age by single year","NM_1531_1","All usual residents","TS007A","Demography and Migration","Age structure","NM_2020_1","Aged 45 to 49 years"
"NM_1531_1_50","NM_2020_1_10",50,"Age 49","Age by single year","NM_1531_1","All usual residents","TS007A","Demography and Migration","Age structure","NM_2020_1","Aged 45 to 49 years"
"NM_1531_1_51","NM_2020_1_11",51,"Age 50","Age by single year","NM_1531_1","All usual residents","TS007A","Demography and Migration","Age structure","NM_2020_1","Aged 50 to 54 years"
"NM_1531_1_52","NM_2020_1_11",52,"Age 51","Age by single year","NM_1531_1","All usual residents","TS007A","Demography and Migration","Age structure","NM_2020_1","Aged 50 to 54 years"
"NM_1531_1_53","NM_2020_1_11",53,"Age 52","Age by single year","NM_1531_1","All usual residents","TS007A","Demography and Migration","Age structure","NM_2020_1","Aged 50 to 54 years"
"NM_1531_1_54","NM_2020_1_11",54,"Age 53","Age by single year","NM_1531_1","All usual residents","TS007A","Demography and Migration","Age structure","NM_2020_1","Aged 50 to 54 years"
"NM_1531_1_55","NM_2020_1_11",55,"Age 54","Age by single year","NM_1531_1","All usual residents","TS007A","Demography and Migration","Age structure","NM_2020_1","Aged 50 to 54 years"
"NM_1531_1_56","NM_2020_1_12",56,"Age 55","Age by single year","NM_1531_1","All usual residents","TS007A","Demography and Migration","Age structure","NM_2020_1","Aged 55 to 59 years"
"NM_1531_1_57","NM_2020_1_12",57,"Age 56","Age by single year","NM_1531_1","All usual residents","TS007A","Demography and Migration","Age structure","NM_2020_1","Aged 55 to 59 years"
"NM_1531_1_58","NM_2020_1_12",58,"Age 57","Age by single year","NM_1531_1","All usual residents","TS007A","Demography and Migration","Age structure","NM_2020_1","Aged 55 to 59 years"
"NM_1531_1_59","NM_2020_1_12",59,"Age 58","Age by single year","NM_1531_1","All usual residents","TS007A","Demography and Migration","Age structure","NM_2020_1","Aged 55 to 59 years"
"NM_1531_1_60","NM_2020_1_12",60,"Age 59","Age by single year","NM_1531_1","All usual residents","TS007A","Demography and Migration","Age structure","NM_2020_1","Aged 55 to 59 years"
"NM_1531_1_61","NM_2020_1_13",61,"Age 60","Age by single year","NM_1531_1","All usual residents","TS007A","Demography and Migration","Age structure","NM_2020_1","Aged 60 to 64 years"
"NM_1531_1_62","NM_2020_1_13",62,"Age 61","Age by single year","NM_1531_1","All usual residents","TS007A","Demography and Migration","Age structure","NM_2020_1","Aged 60 to 64 years"
"NM_1531_1_63","NM_2020_1_13",63,"Age 62","Age by single year","NM_1531_1","All usual residents","TS007A","Demography and Migration","Age structure","NM_2020_1","Aged 60 to 64 years"
"NM_1531_1_64","NM_2020_1_13",64,"Age 63","Age by single year","NM_1531_1","All usual residents","TS007A","Demography and Migration","Age structure","NM_2020_1","Aged 60 to 64 years"
"NM_1531_1_65","NM_2020_1_13",65,"Age 64","Age by single year","NM_1531_1","All usual residents","TS007A","Demography and Migration","Age structure","NM_2020_1","Aged 60 to 64 years"
"NM_1531_1_66","NM_2020_1_14",66,"Age 65","Age by single year","NM_1531_1","All usual residents","TS007A","Demography and Migration","Age structure","NM_2020_1","Aged 65 to 69 years"
"NM_1531_1_67","NM_2020_1_14",67,"Age 66","Age by single year","NM_1531_1","All usual residents","TS007A","Demography and Migration","Age structure","NM_2020_1","Aged 65 to 69 years"
"NM_1531_1_68","NM_2020_1_14",68,"Age 67","Age by single year","NM_1531_1","All usual residents","TS007A","Demography and Migration","Age structure","NM_2020_1","Aged 65 to 69 years"
"NM_1531_1_69","NM_2020_1_14",69,"Age 68","Age by single year","NM_1531_1","All usual residents","TS007A","Demography and Migration","Age structure","NM_2020_1","Aged 65 to 69 years"
"NM_1531_1_70","NM_2020_1_14",70,"Age 69","Age by single year","NM_1531_1","All usual residents","TS007A","Demography and Migration","Age structure","NM_2020_1","Aged 65 to 69 years"
"NM_1531_1_71","NM_2020_1_15",71,"Age 70","Age by single year","NM_1531_1","All usual residents","TS007A","Demography and Migration","Age structure","NM_2020_1","Aged 70 to 74 years"
"NM_1531_1_72","NM_2020_1_15",72,"Age 71","Age by single year","NM_1531_1","All usual residents","TS007A","Demography and Migration","Age structure","NM_2020_1","Aged 70 to 74 years"
"NM_1531_1_73","NM_2020_1_15",73,"Age 72","Age by single year","NM_1531_1","All usual residents","TS007A","Demography and Migration","Age structure","NM_2020_1","Aged 70 to 74 years"
"NM_1531_1_74","NM_2020_1_15",74,"Age 73","Age by single year","NM_1531_1","All usual residents","TS007A","Demography and Migration","Age structure","NM_2020_1","Aged 70 to 74 years"
"NM_1531_1_75","NM_2020_1_15",75,"Age 74","Age by single year","NM_1531_1","All usual residents","TS007A","Demography and Migration","Age structure","NM_2020_1","Aged 70 to 74 years"
"NM_1531_1_76","NM_2020_1_16",76,"Age 75","Age by single year","NM_1531_1","All usual residents","TS007A","Demography and Migration","Age structure","NM_2020_1","Aged 75 to 79 years"
"NM_1531_1_77","NM_2020_1_16",77,"Age 76","Age by single year","NM_1531_1","All usual residents","TS007A","Demography and Migration","Age structure","NM_2020_1","Aged 75 to 79 years"
"NM_1531_1_78","NM_2020_1_16",78,"Age 77","Age by single year","NM_1531_1","All usual residents","TS007A","Demography and Migration","Age structure","NM_2020_1","Aged 75 to 79 years"
"NM_1531_1_79","NM_2020_1_16",79,"Age 78","Age by single year","NM_1531_1","All usual residents","TS007A","Demography and Migration","Age structure","NM_2020_1","Aged 75 to 79 years"
"NM_1531_1_80","NM_2020_1_16",80,"Age 79","Age by single year","NM_1531_1","All usual residents","TS007A","Demography and Migration","Age structure","NM_2020_1","Aged 75 to 79 years"
"NM_1531_1_81","NM_2020_1_17",81,"Age 80","Age by single year","NM_1531_1","All usual residents","TS007A","Demography and Migration","Age structure","NM_2020_1","Aged 80 to 84 years"
"NM_1531_1_82","NM_2020_1_17",82,"Age 81","Age by single year","NM_1531_1","All usual residents","TS007A","Demography and Migration","Age structure","NM_2020_1","Aged 80 to 84 years"
"NM_1531_1_83","NM_2020_1_17",83,"Age 82","Age by single year","NM_1531_1","All usual residents","TS007A","Demography and Migration","Age structure","NM_2020_1","Aged 80 to 84 years"
"NM_1531_1_84","NM_2020_1_17",84,"Age 83","Age by single year","NM_1531_1","All usual residents","TS007A","Demography and Migration","Age structure","NM_2020_1","Aged 80 to 84 years"
"NM_1531_1_85","NM_2020_1_17",85,"Age 84","Age by single year","NM_1531_1","All usual residents","TS007A","Demography and Migration","Age structure","NM_2020_1","Aged 80 to 84 years"
"NM_1531_1_86","NM_2020_1_18",86,"Age 85","Age by single year","NM_1531_1","All usual residents","TS007A","Demography and Migration","Age structure","NM_2020_1","Aged 85 years and over"
"NM_1531_1_87","NM_2020_1_18",87,"Age 86","Age by single year","NM_1531_1","All usual residents","TS007A","Demography and Migration","Age structure","NM_2020_1","Aged 85 years and over"
"NM_1531_1_88","NM_2020_1_18",88,"Age 87","Age by single year","NM_1531_1","All usual residents","TS007A","Demography and Migration","Age structure","NM_2020_1","Aged 85 years and over"
"NM_1531_1_89","NM_2020_1_18",89,"Age 88","Age by single year","NM_1531_1","All usual residents","TS007A","Demography and Migration","Age structure","NM_2020_1","Aged 85 years and over"
"NM_1531_1_90","NM_2020_1_18",90,"Age 89","Age by single year","NM_1531_1","All usual residents","TS007A","Demography and Migration","Age structure","NM_2020_1","Aged 85 years and over"
"NM_1531_1_91","NM_2020_1_18",91,"Age 90","Age by single year","NM_1531_1","All usual residents","TS007A","Demography and Migration","Age structure","NM_2020_1","Aged 85 years and over"
"NM_1531_1_92","NM_2020_1_18",92,"Age 91","Age by single year","NM_1531_1","All usual residents","TS007A","Demography and Migration","Age structure","NM_2020_1","Aged 85 years and over"
"NM_1531_1_93","NM_2020_1_18",93,"Age 92","Age by single year","NM_1531_1","All usual residents","TS007A","Demography and Migration","Age structure","NM_2020_1","Aged 85 years and over"
"NM_1531_1_94","NM_2020_1_18",94,"Age 93","Age by single year","NM_1531_1","All usual residents","TS007A","Demography and Migration","Age structure","NM_2020_1","Aged 85 years and over"
"NM_1531_1_95","NM_2020_1_18",95,"Age 94","Age by single year","NM_1531_1","All usual residents","TS007A","Demography and Migration","Age structure","NM_2020_1","Aged 85 years and over"
"NM_1531_1_96","NM_2020_1_18",96,"Age 95","Age by single year","NM_1531_1","All usual residents","TS007A","Demography and Migration","Age structure","NM_2020_1","Aged 85 years and over"
"NM_1531_1_97","NM_2020_1_18",97,"Age 96","Age by single year","NM_1531_1","All usual residents","TS007A","Demography and Migration","Age structure","NM_2020_1","Aged 85 years and over"
"NM_1531_1_98","NM_2020_1_18",98,"Age 97","Age by single year","NM_1531_1","All usual residents","TS007A","Demography and Migration","Age structure","NM_2020_1","Aged 85 years and over"
"NM_1531_1_99","NM_2020_1_18",99,"Age 98","Age by single year","NM_1531_1","All usual residents","TS007A","Demography and Migration","Age structure","NM_2020_1","Aged 85 years and over"
"NM_1531_1_100","NM_2020_1_18",100,"Age 99","Age by single year","NM_1531_1","All usual residents","TS007A","Demography and Migration","Age structure","NM_2020_1","Aged 85 years and over"
"NM_1531_1_101","NM_2020_1_18",101,"Age 100 and over","Age by single year","NM_1531_1","All usual residents","TS007A","Demography and Migration","Age structure","NM_2020_1","Aged 85 years and over"
"NM_1532_1_0","NM_2028_1_0",0,"All persons","Sex","NM_1532_1","All usual residents","TS008","Demography and Migration","Sex","NM_2028_1","All persons"
"NM_1532_1_1","NM_2028_1_2",1,"Males","Sex","NM_1532_1","All usual residents","TS008","Demography and Migration","Sex","NM_2028_1","Male"
"NM_1532_1_2","NM_2028_1_1",2,"Females","Sex","NM_1532_1","All usual residents","TS008","Demography and Migration","Sex","NM_2028_1","Female"
"NM_1553_1_0","NM_2037_1_0",0,"All categories: Household size","Household size","NM_1553_1","All households","TS017","Demography and Migration","Household size","NM_2037_1","Total: All households"
"NM_1553_1_1","NM_2037_1_2",1,"1 person in household","Household size","NM_1553_1","All households","TS017","Demography and Migration","Household size","NM_2037_1","1 person in household"
"NM_1553_1_2","NM_2037_1_3",2,"2 people in household","Household size","NM_1553_1","All households","TS017","Demography and Migration","Household size","NM_2037_1","2 people in household"
"NM_1553_1_3","NM_2037_1_4",3,"3 people in household","Household size","NM_1553_1","All households","TS017","Demography and Migration","Household size","NM_2037_1","3 people in household"
"NM_1553_1_4","NM_2037_1_5",4,"4 people in household","Household size","NM_1553_1","All households","TS017","Demography and Migration","Household size","NM_2037_1","4 people in household"
"NM_1553_1_5","NM_2037_1_6",5,"5 people in household","Household size","NM_1553_1","All households","TS017","Demography and Migration","Household size","NM_2037_1","5 people in household"
"NM_1553_1_6","NM_2037_1_7",6,"6 people in household","Household size","NM_1553_1","All households","TS017","Demography and Migration","Household size","NM_2037_1","6 people in household"
"NM_1553_1_7","NM_2037_1_8",7,"7 people in household","Household size","NM_1553_1","All households","TS017","Demography and Migration","Household size","NM_2037_1","7 people in household"
"NM_1553_1_8","NM_2037_1_9",8,"8 or more people in household","Household size","NM_1553_1","All households","TS017","Demography and Migration","Household size","NM_2037_1","8 or more people in household"
"NM_1287_1_0","NM_2039_1_0",0,"All usual residents","Migration","NM_1287_1","All usual residents","TS019","Demography and Migration","Migrant Indicator","NM_2039_1","Total: All usual residents"
"NM_1287_1_1","NM_2039_1_1",1,"Lived at same address one year ago","Migration","NM_1287_1","All usual residents","TS019","Demography and Migration","Migrant Indicator","NM_2039_1","Address one year ago is the same as the address of enumeration"
"NM_1287_1_4","NM_2039_1_3",4,"Migrants: Moved into the area from within the UK","Migration","NM_1287_1","All usual residents","TS019","Demography and Migration","Migrant Indicator","NM_2039_1","Migrant from within the UK: Address one year ago was in the UK"
"NM_1287_1_5","NM_2039_1_4",5,"Migrants: Moved into the area from outside the UK","Migration","NM_1287_1","All usual residents","TS019","Demography and Migration","Migrant Indicator","NM_2039_1","Migrant from outside the UK: Address one year ago was outside the UK"
"NM_1504_1_0","NM_2041_1_0",0,"All categories: Ethnic group","Ethnic group","NM_1504_1","All usual residents","TS021","Ethnicity, Identity, Language and Religion","Ethnic group","NM_2041_1","Total: All usual residents"
"NM_1504_1_1","NM_2041_1_1004",1,"White","Ethnic group","NM_1504_1","All usual residents","TS021","Ethnicity, Identity, Language and Religion","Ethnic group","NM_2041_1","White"
"NM_1504_1_2","NM_2041_1_3",2,"Gypsy / Traveller / Irish Traveller","Ethnic group","NM_1504_1","All usual residents","TS021","Ethnicity, Identity, Language and Religion","Ethnic group","NM_2041_1","White: Gypsy or Irish Traveller"
"NM_1504_1_3","NM_2041_1_1003",3,"Mixed / Multiple ethnic group","Ethnic group","NM_1504_1","All usual residents","TS021","Ethnicity, Identity, Language and Religion","Ethnic group","NM_2041_1","Mixed or Multiple ethnic groups"
"NM_1504_1_4","NM_2041_1_10",4,"Asian / Asian British: Indian","Ethnic group","NM_1504_1","All usual residents","TS021","Ethnicity, Identity, Language and Religion","Ethnic group","NM_2041_1","Asian, Asian British or Asian Welsh: Indian"
"NM_1504_1_5","NM_2041_1_11",5,"Asian / Asian British: Pakistani","Ethnic group","NM_1504_1","All usual residents","TS021","Ethnicity, Identity, Language and Religion","Ethnic group","NM_2041_1","Asian, Asian British or Asian Welsh: Pakistani"
"NM_1504_1_6","NM_2041_1_12",6,"Asian / Asian British: Bangladeshi","Ethnic group","NM_1504_1","All usual residents","TS021","Ethnicity, Identity, Language and Religion","Ethnic group","NM_2041_1","Asian, Asian British or Asian Welsh: Bangladeshi"
"NM_1504_1_7","NM_2041_1_13",7,"Asian / Asian British: Chinese","Ethnic group","NM_1504_1","All usual residents","TS021","Ethnicity, Identity, Language and Religion","Ethnic group","NM_2041_1","Asian, Asian British or Asian Welsh: Chinese"
"NM_1504_1_8","NM_2041_1_14",8,"Asian / Asian British: Other Asian","Ethnic group","NM_1504_1","All usual residents","TS021","Ethnicity, Identity, Language and Religion","Ethnic group","NM_2041_1","Asian, Asian British or Asian Welsh: Other Asian"
"NM_1504_1_9","NM_2041_1_1002",9,"Black / African / Caribbean / Black British","Ethnic group","NM_1504_1","All usual residents","TS021","Ethnicity, Identity, Language and Religion","Ethnic group","NM_2041_1","Black, Black British, Black Welsh, Caribbean or African"
"NM_1504_1_10","NM_2041_1_1005",10,"Other Ethnic Group","Ethnic group","NM_1504_1","All usual residents","TS021","Ethnicity, Identity, Language and Religion","Ethnic group","NM_2041_1","Other ethnic group"
"NM_1543_1_0","NM_2042_1_0",0,"All categories: Multiple ethnic groups","Multiple ethnic group","NM_1543_1","All households","TS023","Ethnicity, Identity, Language and Religion","Multiple ethnic group","NM_2042_1","Total: All households"
"NM_1543_1_1","NM_2042_1_1",1,"One person household","Multiple ethnic group","NM_1543_1","All households","TS023","Ethnicity, Identity, Language and Religion","Multiple ethnic group","NM_2042_1","One-person household"
"NM_1543_1_2","NM_2042_1_2",2,"All household members have the same ethnic group","Multiple ethnic group","NM_1543_1","All households","TS023","Ethnicity, Identity, Language and Religion","Multiple ethnic group","NM_2042_1","All household members have the same ethnic group"
"NM_1543_1_3","NM_2042_1_3",3,"Different ethnic groups between the generations only","Multiple ethnic group","NM_1543_1","All households","TS023","Ethnicity, Identity, Language and Religion","Multiple ethnic group","NM_2042_1","Ethnic groups differ between generations but not within partnerships"
"NM_1543_1_4","NM_2042_1_4",4,"Different ethnic groups within partnerships (whether or not different ethnic groups between generations)","Multiple ethnic group","NM_1543_1","All households","TS023","Ethnicity, Identity, Language and Religion","Multiple ethnic group","NM_2042_1","Ethnic groups differ within partnerships"
"NM_1543_1_5","NM_2042_1_5",5,"Any other combination of multiple ethnic groups","Multiple ethnic group","NM_1543_1","All households","TS023","Ethnicity, Identity, Language and Religion","Multiple ethnic group","NM_2042_1","Any other combination of multiple ethnic identities"
"NM_526_1_0","NM_2048_1_0",0,"All categories: Proficiency in English","Proficiency in English","NM_526_1","All usual residents aged 3 years and over","TS029","Ethnicity, Identity, Language and Religion","Proficiency in English","NM_2048_1","Total: All usual residents aged 3 years and over"
"NM_526_1_1","NM_2048_1_1",1,"Main language is English (English or Welsh in Wales)","Proficiency in English","NM_526_1","All usual residents aged 3 years and over","TS029","Ethnicity, Identity, Language and Religion","Proficiency in English","NM_2048_1","Main language is English (English or Welsh in Wales)"
"NM_526_1_2","NM_2048_1_2",2,"Main language is not English (English or Welsh in Wales): Can speak English very well","Proficiency in English","NM_526_1","All usual residents aged 3 years and over","TS029","Ethnicity, Identity, Language and Religion","Proficiency in English","NM_2048_1","Main language is not English (English or Welsh in Wales): Can speak English very well"
"NM_526_1_3","NM_2048_1_3",3,"Main language is not English (English or Welsh in Wales): Can speak English well","Proficiency in English","NM_526_1","All usual residents aged 3 years and over","TS029","Ethnicity, Identity, Language and Religion","Proficiency in English","NM_2048_1","Main language is not English (English or Welsh in Wales): Can speak English well"
"NM_526_1_4","NM_2048_1_4",4,"Main language is not English (English or Welsh in Wales): Cannot speak English well","Proficiency in English","NM_526_1","All usual residents aged 3 years and over","TS029","Ethnicity, Identity, Language and Religion","Proficiency in English","NM_2048_1","Main language is not English (English or Welsh in Wales): Cannot speak English well"
"NM_526_1_5","NM_2048_1_5",5,"Main language is not English (English or Welsh in Wales): Cannot speak English","Proficiency in English","NM_526_1","All usual residents aged 3 years and over","TS029","Ethnicity, Identity, Language and Religion","Proficiency in English","NM_2048_1","Main language is not English (English or Welsh in Wales): Cannot speak English"
"NM_616_1_0","NM_2049_1_0",0,"All categories: Religion","Religion","NM_616_1","All usual residents","TS030","Ethnicity, Identity, Language and Religion","Religion","NM_2049_1","Total: All usual residents"
"NM_616_1_1","NM_2049_1_2",1,"Christian","Religion","NM_616_1","All usual residents","TS030","Ethnicity, Identity, Language and Religion","Religion","NM_2049_1","Christian"
"NM_616_1_2","NM_2049_1_3",2,"Buddhist","Religion","NM_616_1","All usual residents","TS030","Ethnicity, Identity, Language and Religion","Religion","NM_2049_1","Buddhist"
"NM_616_1_3","NM_2049_1_4",3,"Hindu","Religion","NM_616_1","All usual residents","TS030","Ethnicity, Identity, Language and Religion","Religion","NM_2049_1","Hindu"
"NM_616_1_4","NM_2049_1_5",4,"Jewish","Religion","NM_616_1","All usual residents","TS030","Ethnicity, Identity, Language and Religion","Religion","NM_2049_1","Jewish"
"NM_616_1_5","NM_2049_1_6",5,"Muslim","Religion","NM_616_1","All usual residents","TS030","Ethnicity, Identity, Language and Religion","Religion","NM_2049_1","Muslim"
"NM_616_1_6","NM_2049_1_7",6,"Sikh","Religion","NM_616_1","All usual residents","TS030","Ethnicity, Identity, Language and Religion","Religion","NM_2049_1","Sikh"
"NM_616_1_7","NM_2049_1_8",7,"Other religion","Religion","NM_616_1","All usual residents","TS030","Ethnicity, Identity, Language and Religion","Religion","NM_2049_1","Other religion"
"NM_616_1_8","NM_2049_1_1",8,"No religion","Religion","NM_616_1","All usual residents","TS030","Ethnicity, Identity, Language and Religion","Religion","NM_2049_1","No religion"
"NM_616_1_9","NM_2049_1_9",9,"Religion not stated","Religion","NM_616_1","All usual residents","TS030","Ethnicity, Identity, Language and Religion","Religion","NM_2049_1","Not answered"
"NM_1546_1_0","NM_2055_1_0",0,"All categories: General health","General health","NM_1546_1","All usual residents","TS037","Health, Disability and Unpaid Care","General health","NM_2055_1","Total: All usual residents"
"NM_1546_1_1","NM_2055_1_1",1,"Very good health","General health","NM_1546_1","All usual residents","TS037","Health, Disability and Unpaid Care","General health","NM_2055_1","Very good health"
"NM_1546_1_2","NM_2055_1_2",2,"Good health","General health","NM_1546_1","All usual residents","TS037","Health, Disability and Unpaid Care","General health","NM_2055_1","Good health"
"NM_1546_1_3","NM_2055_1_3",3,"Fair health","General health","NM_1546_1","All usual residents","TS037","Health, Disability and Unpaid Care","General health","NM_2055_1","Fair health"
"NM_1546_1_4","NM_2055_1_4",4,"Bad health","General health","NM_1546_1","All usual residents","TS037","Health, Disability and Unpaid Care","General health","NM_2055_1","Bad health"
"NM_1546_1_5","NM_2055_1_5",5,"Very bad health","General health","NM_1546_1","All usual residents","TS037","Health, Disability and Unpaid Care","General health","NM_2055_1","Very bad health"
"NM_1547_1_0","NM_2056_1_0",0,"All categories: Long-term health problem or disability","Long-term health problem or disability","NM_1547_1","All usual residents","TS038","Health, Disability and Unpaid Care","Disability","NM_2056_1","Total: All usual residents"
"NM_1547_1_1","NM_2056_1_1",1,"Day-to-day activities limited a lot","Long-term health problem or disability","NM_1547_1","All usual residents","TS038","Health, Disability and Unpaid Care","Disability","NM_2056_1","Disabled under the Equality Act: Day-to-day activities limited a lot"
"NM_1547_1_2","NM_2056_1_2",2,"Day-to-day activities limited a little","Long-term health problem or disability","NM_1547_1","All usual residents","TS038","Health, Disability and Unpaid Care","Disability","NM_2056_1","Disabled under the Equality Act: Day-to-day activities limited a little"
"NM_1547_1_3","NM_2056_1_1002",3,"Day-to-day activities not limited","Long-term health problem or disability","NM_1547_1","All usual residents","TS038","Health, Disability and Unpaid Care","Disability","NM_2056_1","Not disabled under the Equality Act"
"NM_1545_1_0","NM_2057_1_0",0,"All categories: Provision of unpaid care","Provision of unpaid care","NM_1545_1","All usual residents","TS039","Health, Disability and Unpaid Care","Provision of unpaid care","NM_2057_1","Total: All usual residents aged 5 and over"
"NM_1545_1_1","NM_2057_1_1",1,"Provides no unpaid care","Provision of unpaid care","NM_1545_1","All usual residents","TS039","Health, Disability and Unpaid Care","Provision of unpaid care","NM_2057_1","Provides no unpaid care"
"NM_1545_1_2","NM_2057_1_101",2,"Provides 1 to 19 hours unpaid care a week","Provision of unpaid care","NM_1545_1","All usual residents","TS039","Health, Disability and Unpaid Care","Provision of unpaid care","NM_2057_1","Provides 19 hours or less unpaid care a week"
"NM_1545_1_3","NM_2057_1_102",3,"Provides 20 to 49 hours unpaid care a week","Provision of unpaid care","NM_1545_1","All usual residents","TS039","Health, Disability and Unpaid Care","Provision of unpaid care","NM_2057_1","Provides 20 to 49 hours unpaid care a week"
"NM_1545_1_4","NM_2057_1_6",4,"Provides 50 or more hours unpaid care a week","Provision of unpaid care","NM_1545_1","All usual residents","TS039","Health, Disability and Unpaid Care","Provision of unpaid care","NM_2057_1","Provides 50 or more hours unpaid care a week"
"NM_1549_1_0","NM_2062_1_0",0,"All categories: Accommodation type","Accommodation type - Households","NM_1549_1","All households","TS044","Housing","Accommodation type","NM_2062_1","Total: All households"
"NM_1549_1_3","NM_2062_1_1",3,"Unshared dwelling: Whole house or bungalow: Detached","Accommodation type - Households","NM_1549_1","All households","TS044","Housing","Accommodation type","NM_2062_1","Detached"
"NM_1549_1_4","NM_2062_1_2",4,"Unshared dwelling: Whole house or bungalow: Semi-detached","Accommodation type - Households","NM_1549_1","All households","TS044","Housing","Accommodation type","NM_2062_1","Semi-detached"
"NM_1549_1_5","NM_2062_1_3",5,"Unshared dwelling: Whole house or bungalow: Terraced (including end-terrace)","Accommodation type - Households","NM_1549_1","All households","TS044","Housing","Accommodation type","NM_2062_1","Terraced"
"NM_1549_1_7","NM_2062_1_4",7,"Unshared dwelling: Flat, maisonette or apartment: Purpose-built block of flats or tenement","Accommodation type - Households","NM_1549_1","All households","TS044","Housing","Accommodation type","NM_2062_1","In a purpose-built block of flats or tenement"
"NM_1549_1_8","NM_2062_1_5",8,"Unshared dwelling: Flat, maisonette or apartment: Part of a converted or shared house (including bed-sits)","Accommodation type - Households","NM_1549_1","All households","TS044","Housing","Accommodation type","NM_2062_1","Part of a converted or shared house, including bedsits"
"NM_1549_1_9","NM_2062_1_7",9,"Unshared dwelling: Flat, maisonette or apartment: In commercial building","Accommodation type - Households","NM_1549_1","All households","TS044","Housing","Accommodation type","NM_2062_1","In a commercial building, for example, in an office building, hotel or over a shop"
"NM_1549_1_10","NM_2062_1_8",10,"Unshared dwelling: Caravan or other mobile or temporary structure","Accommodation type - Households","NM_1549_1","All households","TS044","Housing","Accommodation type","NM_2062_1","A caravan or other mobile or temporary structure"
"NM_1508_1_0","NM_2063_1_0",0,"All categories: Car or van availability","Car or van availability","NM_1508_1","All households","TS045","Housing","Car or van availability","NM_2063_1","Total: All households"
"NM_1508_1_1","NM_2063_1_1",1,"No cars or vans in household","Car or van availability","NM_1508_1","All households","TS045","Housing","Car or van availability","NM_2063_1","No cars or vans in household"
"NM_1508_1_2","NM_2063_1_2",2,"1 car or van in household","Car or van availability","NM_1508_1","All households","TS045","Housing","Car or van availability","NM_2063_1","1 car or van in household"
"NM_1508_1_3","NM_2063_1_3",3,"2 cars or vans in household","Car or van availability","NM_1508_1","All households","TS045","Housing","Car or van availability","NM_2063_1","2 cars or vans in household"
"NM_1508_1_4","NM_2063_1_4",4,"3 cars or vans in household","Car or van availability","NM_1508_1","All households","TS045","Housing","Car or van availability","NM_2063_1","3 or more cars or vans in household"
"NM_1508_1_5","NM_2063_1_4",5,"4 or more cars or vans in household","Car or van availability","NM_1508_1","All households","TS045","Housing","Car or van availability","NM_2063_1","3 or more cars or vans in household"
"NM_1558_1_0","NM_2064_1_0",0,"All categories: Type of central heating in household","Central heating","NM_1558_1","All households","TS046","Housing","Central heating","NM_2064_1","Total: All households"
"NM_1558_1_1","NM_2064_1_1",1,"No central heating","Central heating","NM_1558_1","All households","TS046","Housing","Central heating","NM_2064_1","No central heating"
"NM_1558_1_2","NM_2064_1_2",2,"Gas central heating","Central heating","NM_1558_1","All households","TS046","Housing","Central heating","NM_2064_1","Mains gas only"
"NM_1558_1_3","NM_2064_1_4",3,"Electric (including storage heaters) central heating","Central heating","NM_1558_1","All households","TS046","Housing","Central heating","NM_2064_1","Electric only"
"NM_1558_1_4","NM_2064_1_5",4,"Oil central heating","Central heating","NM_1558_1","All households","TS046","Housing","Central heating","NM_2064_1","Oil only"
"NM_1558_1_5","NM_2064_1_6",5,"Solid fuel (for example wood, coal) central heating","Central heating","NM_1558_1","All households","TS046","Housing","Central heating","NM_2064_1","Wood only"
"NM_1558_1_6","NM_2064_1_8",6,"Other central heating","Central heating","NM_1558_1","All households","TS046","Housing","Central heating","NM_2064_1","Renewable energy only"
"NM_1558_1_7","NM_2064_1_12",7,"Two or more types of central heating","Central heating","NM_1558_1","All households","TS046","Housing","Central heating","NM_2064_1","Two or more types of central heating (including renewable energy)"
"NM_1554_1_0","NM_2069_1_0",0,"All categories: Number of rooms","Number of rooms","NM_1554_1","All households","TS051","Housing","Number of rooms","NM_2069_1","Total: All households"
"NM_1554_1_1","NM_2069_1_1",1,"1 room","Number of rooms","NM_1554_1","All households","TS051","Housing","Number of rooms","NM_2069_1","1 room"
"NM_1554_1_2","NM_2069_1_2",2,"2 rooms","Number of rooms","NM_1554_1","All households","TS051","Housing","Number of rooms","NM_2069_1","2 rooms"
"NM_1554_1_3","NM_2069_1_3",3,"3 rooms","Number of rooms","NM_1554_1","All households","TS051","Housing","Number of rooms","NM_2069_1","3 rooms"
"NM_1554_1_4","NM_2069_1_4",4,"4 rooms","Number of rooms","NM_1554_1","All households","TS051","Housing","Number of rooms","NM_2069_1","4 rooms"
"NM_1554_1_5","NM_2069_1_5",5,"5 rooms","Number of rooms","NM_1554_1","All households","TS051","Housing","Number of rooms","NM_2069_1","5 rooms"
"NM_1554_1_6","NM_2069_1_6",6,"6 rooms","Number of rooms","NM_1554_1","All households","TS051","Housing","Number of rooms","NM_2069_1","6 rooms"
"NM_1554_1_7","NM_2069_1_7",7,"7 rooms","Number of rooms","NM_1554_1","All households","TS051","Housing","Number of rooms","NM_2069_1","7 rooms"
"NM_1554_1_8","NM_2069_1_8",8,"8 rooms","Number of rooms","NM_1554_1","All households","TS051","Housing","Number of rooms","NM_2069_1","8 rooms"
"NM_1554_1_9","NM_2069_1_9",9,"9 or more rooms","Number of rooms","NM_1554_1","All households","TS051","Housing","Number of rooms","NM_2069_1","9 or more rooms"
"NM_1555_1_0","NM_2071_1_0",0,"All categories: Occupancy rating (rooms)","Occupancy rating","NM_1555_1","All households","TS053","Housing","Occupancy rating for rooms","NM_2071_1","Total: All households"
"NM_1555_1_1","NM_2071_1_1",1,"Occupancy rating (rooms) of +2 or more","Occupancy rating","NM_1555_1","All households","TS053","Housing","Occupancy rating for rooms","NM_2071_1","Occupancy rating of rooms: +2 or more"
"NM_1555_1_2","NM_2071_1_2",2,"Occupancy rating (rooms) of +1","Occupancy rating","NM_1555_1","All households","TS053","Housing","Occupancy rating for rooms","NM_2071_1","Occupancy rating of rooms: +1"
"NM_1555_1_3","NM_2071_1_3",3,"Occupancy rating (rooms) of 0","Occupancy rating","NM_1555_1","All households","TS053","Housing","Occupancy rating for rooms","NM_2071_1","Occupancy rating of rooms: 0"
"NM_1555_1_4","NM_2071_1_4",4,"Occupancy rating (rooms) of -1","Occupancy rating","NM_1555_1","All households","TS053","Housing","Occupancy rating for rooms","NM_2071_1","Occupancy rating of rooms: -1"
"NM_1555_1_5","NM_2071_1_5",5,"Occupancy rating (rooms) of -2 or less","Occupancy rating","NM_1555_1","All households","TS053","Housing","Occupancy rating for rooms","NM_2071_1","Occupancy rating of rooms: -2 or less"
"NM_1552_1_0","NM_2072_1_0",0,"All categories: Tenure","Tenure - Households","NM_1552_1","All households","TS054","Housing","Tenure","NM_2072_1","Total: All households"
"NM_1552_1_1","NM_2072_1_1001",1,"Owned: Total","Tenure - Households","NM_1552_1","All households","TS054","Housing","Tenure","NM_2072_1","Owned"
"NM_1552_1_2","NM_2072_1_1",2,"Owned: Owned outright","Tenure - Households","NM_1552_1","All households","TS054","Housing","Tenure","NM_2072_1","Owned: Owns outright"
"NM_1552_1_3","NM_2072_1_2",3,"Owned: Owned with a mortgage or loan","Tenure - Households","NM_1552_1","All households","TS054","Housing","Tenure","NM_2072_1","Owned: Owns with a mortgage or loan"
"NM_1552_1_4","NM_2072_1_1002",4,"Shared ownership (part owned and part rented)","Tenure - Households","NM_1552_1","All households","TS054","Housing","Tenure","NM_2072_1","Shared ownership"
"NM_1552_1_5","NM_2072_1_1003",5,"Social rented: Total","Tenure - Households","NM_1552_1","All households","TS054","Housing","Tenure","NM_2072_1","Social rented"
"NM_1552_1_6","NM_2072_1_4",6,"Social rented: Rented from council (Local Authority)","Tenure - Households","NM_1552_1","All households","TS054","Housing","Tenure","NM_2072_1","Social rented: Rents from council or Local Authority"
"NM_1552_1_7","NM_2072_1_5",7,"Social rented: Other social rented","Tenure - Households","NM_1552_1","All households","TS054","Housing","Tenure","NM_2072_1","Social rented: Other social rented"
"NM_1552_1_8","NM_2072_1_1004",8,"Private rented: Total","Tenure - Households","NM_1552_1","All households","TS054","Housing","Tenure","NM_2072_1","Private rented"
"NM_1552_1_9","NM_2072_1_6",9,"Private rented: Private landlord or letting agency","Tenure - Households","NM_1552_1","All households","TS054","Housing","Tenure","NM_2072_1","Private rented: Private landlord or letting agency"
"NM_1552_1_10","NM_2072_1_7",10,"Private rented: Employer of a household member","Tenure - Households","NM_1552_1","All households","TS054","Housing","Tenure","NM_2072_1","Private rented: Other private rented"
"NM_1552_1_11","NM_2072_1_7",11,"Private rented: Relative or friend of household member","Tenure - Households","NM_1552_1","All households","TS054","Housing","Tenure","NM_2072_1","Private rented: Other private rented"
"NM_1552_1_12","NM_2072_1_7",12,"Private rented: Other","Tenure - Households","NM_1552_1","All households","TS054","Housing","Tenure","NM_2072_1","Private rented: Other private rented"
"NM_1552_1_13","NM_2072_1_8",13,"Living rent free","Tenure - Households","NM_1552_1","All households","TS054","Housing","Tenure","NM_2072_1","Lives rent free"
"NM_1567_1_0","NM_2076_1_0",0,"All categories: Hours worked","Hours worked","NM_1567_1","All usual residents aged 16 years and over","TS059","Labour Market","Hours worked","NM_2076_1","Total: All usual residents aged 16 years and over in employment the week before the census"
"NM_1567_1_1","NM_2076_1_1001",1,"Part-time: Total","Hours worked","NM_1567_1","All usual residents aged 16 years and over","TS059","Labour Market","Hours worked","NM_2076_1","Part-time"
"NM_1567_1_2","NM_2076_1_1",2,"Part-time: 15 hours or less worked","Hours worked","NM_1567_1","All usual residents aged 16 years and over","TS059","Labour Market","Hours worked","NM_2076_1","Part-time: 15 hours or less worked"
"NM_1567_1_3","NM_2076_1_2",3,"Part-time: 16 to 30 hours worked","Hours worked","NM_1567_1","All usual residents aged 16 years and over","TS059","Labour Market","Hours worked","NM_2076_1","Part-time: 16 to 30 hours worked"
"NM_1567_1_4","NM_2076_1_1002",4,"Full-time: Total","Hours worked","NM_1567_1","All usual residents aged 16 years and over","TS059","Labour Market","Hours worked","NM_2076_1","Full-time"
"NM_1567_1_5","NM_2076_1_3",5,"Full-time: 31 to 48 hours worked","Hours worked","NM_1567_1","All usual residents aged 16 years and over","TS059","Labour Market","Hours worked","NM_2076_1","Full-time: 31 to 48 hours worked"
"NM_1567_1_6","NM_2076_1_4",6,"Full-time: 49 or more hours worked","Hours worked","NM_1567_1","All usual residents aged 16 years and over","TS059","Labour Market","Hours worked","NM_2076_1","Full-time: 49 or more hours worked"
"NM_1521_1_0","NM_2079_1_0",0,"All categories: NS-SeC","NS-SeC","NM_1521_1","All usual residents aged 16 years and over","TS062","Labour Market","NS-SeC","NM_2079_1","Total: All usual residents aged 16 years and over"
"NM_1521_1_1","NM_2079_1_1",1,"1. Higher managerial, administrative and professional occupations","NS-SeC","NM_1521_1","All usual residents aged 16 years and over","TS062","Labour Market","NS-SeC","NM_2079_1","L1, L2 and L3 Higher managerial, administrative and professional occupations"
"NM_1521_1_4","NM_2079_1_2",4,"2. Lower managerial, administrative and professional occupations","NS-SeC","NM_1521_1","All usual residents aged 16 years and over","TS062","Labour Market","NS-SeC","NM_2079_1","L4, L5 and L6 Lower managerial, administrative and professional occupations"
"NM_1521_1_5","NM_2079_1_3",5,"3. Intermediate occupations","NS-SeC","NM_1521_1","All usual residents aged 16 years and over","TS062","Labour Market","NS-SeC","NM_2079_1","L7 Intermediate occupations"
"NM_1521_1_6","NM_2079_1_4",6,"4. Small employers and own account workers","NS-SeC","NM_1521_1","All usual residents aged 16 years and over","TS062","Labour Market","NS-SeC","NM_2079_1","L8 and L9 Small employers and own account workers"
"NM_1521_1_7","NM_2079_1_5",7,"5. Lower supervisory and technical occupations","NS-SeC","NM_1521_1","All usual residents aged 16 years and over","TS062","Labour Market","NS-SeC","NM_2079_1","L10 and L11 Lower supervisory and technical occupations"
"NM_1521_1_8","NM_2079_1_6",8,"6. Semi-routine occupations","NS-SeC","NM_1521_1","All usual residents aged 16 years and over","TS062","Labour Market","NS-SeC","NM_2079_1","L12 Semi-routine occupations"
"NM_1521_1_9","NM_2079_1_7",9,"7. Routine occupations","NS-SeC","NM_1521_1","All usual residents aged 16 years and over","TS062","Labour Market","NS-SeC","NM_2079_1","L13 Routine occupations"
"NM_1521_1_10","NM_2079_1_8",10,"8. Never worked and long-term unemployed","NS-SeC","NM_1521_1","All usual residents aged 16 years and over","TS062","Labour Market","NS-SeC","NM_2079_1","L14.1 and L14.2 Never worked and long-term unemployed"
"NM_1521_1_13","NM_2079_1_9",13,"L15 Full-time students","NS-SeC","NM_1521_1","All usual residents aged 16 years and over","TS062","Labour Market","NS-SeC","NM_2079_1","L15 Full-time students"
"NM_1518_1_0","NM_2080_1_0",0,"All categories: Occupation","Occupation","NM_1518_1","All usual residents aged 16 years and over","TS063","Labour Market","Occupation","NM_2080_1","Total: All usual residents aged 16 years and over in employment the week before the census"
"NM_1518_1_1","NM_2080_1_1",1,"1. Managers, directors and senior officials","Occupation","NM_1518_1","All usual residents aged 16 years and over","TS063","Labour Market","Occupation","NM_2080_1","1. Managers, directors and senior officials"
"NM_1518_1_2","NM_2080_1_2",2,"2. Professional occupations","Occupation","NM_1518_1","All usual residents aged 16 years and over","TS063","Labour Market","Occupation","NM_2080_1","2. Professional occupations"
"NM_1518_1_3","NM_2080_1_3",3,"3. Associate professional and technical occupations","Occupation","NM_1518_1","All usual residents aged 16 years and over","TS063","Labour Market","Occupation","NM_2080_1","3. Associate professional and technical occupations"
"NM_1518_1_4","NM_2080_1_4",4,"4. Administrative and secretarial occupations","Occupation","NM_1518_1","All usual residents aged 16 years and over","TS063","Labour Market","Occupation","NM_2080_1","4. Administrative and secretarial occupations"
"NM_1518_1_5","NM_2080_1_5",5,"5. Skilled trades occupations","Occupation","NM_1518_1","All usual residents aged 16 years and over","TS063","Labour Market","Occupation","NM_2080_1","5. Skilled trades occupations"
"NM_1518_1_6","NM_2080_1_6",6,"6. Caring, leisure and other service occupations","Occupation","NM_1518_1","All usual residents aged 16 years and over","TS063","Labour Market","Occupation","NM_2080_1","6. Caring, leisure and other service occupations"
"NM_1518_1_7","NM_2080_1_7",7,"7. Sales and customer service occupations","Occupation","NM_1518_1","All usual residents aged 16 years and over","TS063","Labour Market","Occupation","NM_2080_1","7. Sales and customer service occupations"
"NM_1518_1_8","NM_2080_1_8",8,"8. Process plant and machine operatives","Occupation","NM_1518_1","All usual residents aged 16 years and over","TS063","Labour Market","Occupation","NM_2080_1","8. Process, plant and machine operatives"
"NM_1518_1_9","NM_2080_1_9",9,"9. Elementary occupations","Occupation","NM_1518_1","All usual residents aged 16 years and over","TS063","Labour Market","Occupation","NM_2080_1","9. Elementary occupations"
"NM_1565_1_0","NM_2083_1_0",0,"All categories: Economic activity","Economic activity","NM_1565_1","All usual residents aged 16 years and over","TS066","Labour Market","Economic activity status","NM_2083_1","Total: All usual residents aged 16 years and over"
"NM_1565_1_1","NM_2083_1_1001",1,"Economically active: Total","Economic activity","NM_1565_1","All usual residents aged 16 years and over","TS066","Labour Market","Economic activity status","NM_2083_1","Economically active (excluding full-time students)"
"NM_1565_1_2","NM_2083_1_1",2,"Economically active: Employee: Part-time","Economic activity","NM_1565_1","All usual residents aged 16 years and over","TS066","Labour Market","Economic activity status","NM_2083_1","Economically active (excluding full-time students): In employment: Employee: Part-time"
"NM_1565_1_3","NM_2083_1_2",3,"Economically active: Employee: Full-time","Economic activity","NM_1565_1","All usual residents aged 16 years and over","TS066","Labour Market","Economic activity status","NM_2083_1","Economically active (excluding full-time students): In employment: Employee: Full-time"
"NM_1565_1_4","NM_2083_1_3",4,"Economically active: Self-employed with employees: Part-time","Economic activity","NM_1565_1","All usual residents aged 16 years and over","TS066","Labour Market","Economic activity status","NM_2083_1","Economically active (excluding full-time students): In employment: Self-employed with employees: Part-time"
"NM_1565_1_5","NM_2083_1_4",5,"Economically active: Self-employed with employees: Full-time","Economic activity","NM_1565_1","All usual residents aged 16 years and over","TS066","Labour Market","Economic activity status","NM_2083_1","Economically active (excluding full-time students): In employment: Self-employed with employees: Full-time"
"NM_1565_1_6","NM_2083_1_5",6,"Economically active: Self-employed without employees: Part-time","Economic activity","NM_1565_1","All usual residents aged 16 years and over","TS066","Labour Market","Economic activity status","NM_2083_1","Economically active (excluding full-time students): In employment: Self-employed without employees: Part-time"
"NM_1565_1_7","NM_2083_1_6",7,"Economically active: Self-employed without employees: Full-time","Economic activity","NM_1565_1","All usual residents aged 16 years and over","TS066","Labour Market","Economic activity status","NM_2083_1","Economically active (excluding full-time students): In employment: Self-employed without employees: Full-time"
"NM_1565_1_8","NM_2083_1_7",8,"Economically active: Unemployed","Economic activity","NM_1565_1","All usual residents aged 16 years and over","TS066","Labour Market","Economic activity status","NM_2083_1","Economically active (excluding full-time students): Unemployed"
"NM_1565_1_9","NM_2083_1_1006",9,"Economically active: Full-time student","Economic activity","NM_1565_1","All usual residents aged 16 years and over","TS066","Labour Market","Economic activity status","NM_2083_1","Economically active and a full-time student"
"NM_1565_1_10","NM_2083_1_1011",10,"Economically inactive: Total","Economic activity","NM_1565_1","All usual residents aged 16 years and over","TS066","Labour Market","Economic activity status","NM_2083_1","Economically inactive"
"NM_1565_1_11","NM_2083_1_15",11,"Economically inactive: Retired","Economic activity","NM_1565_1","All usual residents aged 16 years and over","TS066","Labour Market","Economic activity status","NM_2083_1","Economically inactive: Retired"
"NM_1565_1_12","NM_2083_1_16",12,"Economically inactive: Student (including full-time students)","Economic activity","NM_1565_1","All usual residents aged 16 years and over","TS066","Labour Market","Economic activity status","NM_2083_1","Economically inactive: Student"
"NM_1565_1_13","NM_2083_1_17",13,"Economically inactive: Looking after home or family","Economic activity","NM_1565_1","All usual residents aged 16 years and over","TS066","Labour Market","Economic activity status","NM_2083_1","Economically inactive: Looking after home or family"
"NM_1565_1_14","NM_2083_1_18",14,"Economically inactive: Long-term sick or disabled","Economic activity","NM_1565_1","All usual residents aged 16 years and over","TS066","Labour Market","Economic activity status","NM_2083_1","Economically inactive: Long-term sick or disabled"
"NM_1565_1_15","NM_2083_1_19",15,"Economically inactive: Other","Economic activity","NM_1565_1","All usual residents aged 16 years and over","TS066","Labour Market","Economic activity status","NM_2083_1","Economically inactive: Other"
"NM_1564_1_0","NM_2084_1_0",0,"All categories: Highest level of qualification","Highest level of qualification","NM_1564_1","All usual residents aged 16 years and over","TS067","Education","Highest level of qualification","NM_2084_1","Total: All usual residents aged 16 years and over"
"NM_1564_1_1","NM_2084_1_1",1,"No qualifications","Highest level of qualification","NM_1564_1","All usual residents aged 16 years and over","TS067","Education","Highest level of qualification","NM_2084_1","No qualifications"
"NM_1564_1_2","NM_2084_1_2",2,"Level 1 qualifications","Highest level of qualification","NM_1564_1","All usual residents aged 16 years and over","TS067","Education","Highest level of qualification","NM_2084_1","Level 1 and entry level qualifications"
"NM_1564_1_3","NM_2084_1_3",3,"Level 2 qualifications","Highest level of qualification","NM_1564_1","All usual residents aged 16 years and over","TS067","Education","Highest level of qualification","NM_2084_1","Level 2 qualifications"
"NM_1564_1_4","NM_2084_1_4",4,"Apprenticeship","Highest level of qualification","NM_1564_1","All usual residents aged 16 years and over","TS067","Education","Highest level of qualification","NM_2084_1","Apprenticeship"
"NM_1564_1_5","NM_2084_1_5",5,"Level 3 qualifications","Highest level of qualification","NM_1564_1","All usual residents aged 16 years and over","TS067","Education","Highest level of qualification","NM_2084_1","Level 3 qualifications"
"NM_1564_1_6","NM_2084_1_6",6,"Level 4 qualifications and above","Highest level of qualification","NM_1564_1","All usual residents aged 16 years and over","TS067","Education","Highest level of qualification","NM_2084_1","Level 4 qualifications or above"
"NM_1564_1_7","NM_2084_1_7",7,"Other qualifications","Highest level of qualification","NM_1564_1","All usual residents aged 16 years and over","TS067","Education","Highest level of qualification","NM_2084_1","Other qualifications"
"NM_1533_1_0","NM_2085_1_1",0,"All persons","Schoolchildren and full-time students at their non term-time address","NM_1533_1","All usual residents aged 5 years and over","TS068","Education","Schoolchildren and full-time students","NM_2085_1","Student"
