TableVariableCode11,CategoryCode11,VariableName11,TableName11,TableCode11,Denominator21,TS_code,Domain21,TableName21,TableCode21,TableVariableCode21,Agg1,Agg2
NM_1530_1_0,0,All categories: Residence type,Residence type,NM_1530_1,All usual residents,TS001,Demography and Migration,Number of usual residents in households and communal establishments,NM_2021_1,NM_2021_1_0,NA,NA
NM_1530_1_1,1,Lives in a household,Residence type,NM_1530_1,All usual residents,TS001,Demography and Migration,Number of usual residents in households and communal establishments,NM_2021_1,NM_2021_1_1,NA,NA
NM_1530_1_2,2,Lives in a communal establishment,Residence type,NM_1530_1,All usual residents,TS001,Demography and Migration,Number of usual residents in households and communal establishments,NM_2021_1,NM_2021_1_2,NA,NA
NM_1500_1_0,0,All usual residents aged 16+,Marital and civil partnership status,NM_1500_1,All usual residents,TS002,Demography and Migration,Legal partnership status,NM_2022_1,NM_2022_1_0,NA,NA
NM_1500_1_1,1,Single (never married or never registered a same-sex civil partnership),Marital and civil partnership status,NM_1500_1,All usual residents,TS002,Demography and Migration,Legal partnership status,NM_2022_1,NM_2022_1_1,NA,NA
NM_1500_1_2,2,Married,Marital and civil partnership status,NM_1500_1,All usual residents,TS002,Demography and Migration,Legal partnership status,NM_2022_1,NM_2022_1_1001,NA,NA
NM_1500_1_3,3,In a registered same-sex civil partnership,Marital and civil partnership status,NM_1500_1,All usual residents,TS002,Demography and Migration,Legal partnership status,NM_2022_1,NM_2022_1_1001,NA,NA
NM_1500_1_4,4,Separated (but still legally married or still legally in a same-sex civil partnership),Marital and civil partnership status,NM_1500_1,All usual residents,TS002,Demography and Migration,Legal partnership status,NM_2022_1,NM_2022_1_1004,NA,NA
NM_1500_1_5,5,Divorced or formerly in a same-sex civil partnership which is now legally dissolved,Marital and civil partnership status,NM_1500_1,All usual residents,TS002,Demography and Migration,Legal partnership status,NM_2022_1,NM_2022_1_1005,NA,NA
NM_1500_1_6,6,Widowed or surviving partner from a same-sex civil partnership,Marital and civil partnership status,NM_1500_1,All usual residents,TS002,Demography and Migration,Legal partnership status,NM_2022_1,NM_2022_1_1006,NA,NA
NM_1538_1_0,0,All categories: Household composition,Household composition - Households,NM_1538_1,All households,TS003,Demography and Migration,Household composition,NM_2023_1,NM_2023_1_0,NA,NA
NM_1538_1_1,1,One person household: Total,Household composition - Households,NM_1538_1,All households,TS003,Demography and Migration,Household composition,NM_2023_1,NM_2023_1_1001,NA,NA
NM_1538_1_2,2,One person household: Aged 65 and over,Household composition - Households,NM_1538_1,All households,TS003,Demography and Migration,Household composition,NM_2023_1,NM_2023_1_1,NA,NA
NM_1538_1_3,3,One person household: Other,Household composition - Households,NM_1538_1,All households,TS003,Demography and Migration,Household composition,NM_2023_1,NM_2023_1_2,NA,NA
NM_1538_1_4,4,One family only: Total,Household composition - Households,NM_1538_1,All households,TS003,Demography and Migration,Household composition,NM_2023_1,NM_2023_1_1002,NA,NA
NM_1538_1_5,5,One family only: All aged 65 and over,Household composition - Households,NM_1538_1,All households,TS003,Demography and Migration,Household composition,NM_2023_1,NM_2023_1_3,NA,NA
NM_1538_1_6,6,One family only: Married couple: Total,Household composition - Households,NM_1538_1,All households,TS003,Demography and Migration,Household composition,NM_2023_1,NM_2023_1_1003,NA,NA
NM_1538_1_7,7,One family only: Married couple: No children,Household composition - Households,NM_1538_1,All households,TS003,Demography and Migration,Household composition,NM_2023_1,NM_2023_1_4,NA,NA
NM_1538_1_8,8,One family only: Married couple: One dependent child,Household composition - Households,NM_1538_1,All households,TS003,Demography and Migration,Household composition,NM_2023_1,NM_2023_1_5,NA,NA
NM_1538_1_9,9,One family only: Married couple: Two or more dependent children,Household composition - Households,NM_1538_1,All households,TS003,Demography and Migration,Household composition,NM_2023_1,NM_2023_1_5,NA,NA
NM_1538_1_10,10,One family only: Married couple: All children non-dependent,Household composition - Households,NM_1538_1,All households,TS003,Demography and Migration,Household composition,NM_2023_1,NM_2023_1_6,NA,NA
NM_1538_1_11,11,One family only: Same-sex civil partnership couple: Total,Household composition - Households,NM_1538_1,All households,TS003,Demography and Migration,Household composition,NM_2023_1,NM_2023_1_1003,NA,NA
NM_1538_1_12,12,One family only: Cohabiting couple: Total,Household composition - Households,NM_1538_1,All households,TS003,Demography and Migration,Household composition,NM_2023_1,NM_2023_1_1004,NA,NA
NM_1538_1_13,13,One family only: Cohabiting couple: No children,Household composition - Households,NM_1538_1,All households,TS003,Demography and Migration,Household composition,NM_2023_1,NM_2023_1_7,NA,NA
NM_1538_1_14,14,One family only: Cohabiting couple: One dependent child,Household composition - Households,NM_1538_1,All households,TS003,Demography and Migration,Household composition,NM_2023_1,NM_2023_1_8,NA,NA
NM_1538_1_15,15,One family only: Cohabiting couple: Two or more dependent children,Household composition - Households,NM_1538_1,All households,TS003,Demography and Migration,Household composition,NM_2023_1,NM_2023_1_8,NA,NA
NM_1538_1_16,16,One family only: Cohabiting couple: All children non-dependent,Household composition - Households,NM_1538_1,All households,TS003,Demography and Migration,Household composition,NM_2023_1,NM_2023_1_9,NA,NA
NM_1538_1_17,17,One family only: Lone parent: Total,Household composition - Households,NM_1538_1,All households,TS003,Demography and Migration,Household composition,NM_2023_1,NM_2023_1_1005,NA,NA
NM_1538_1_18,18,One family only: Lone parent: One dependent child,Household composition - Households,NM_1538_1,All households,TS003,Demography and Migration,Household composition,NM_2023_1,NM_2023_1_10,NA,NA
NM_1538_1_19,19,One family only: Lone parent: Two or more dependent children,Household composition - Households,NM_1538_1,All households,TS003,Demography and Migration,Household composition,NM_2023_1,NM_2023_1_10,NA,NA
NM_1538_1_20,20,One family only: Lone parent: All children non-dependent,Household composition - Households,NM_1538_1,All households,TS003,Demography and Migration,Household composition,NM_2023_1,NM_2023_1_11,NA,NA
NM_1538_1_21,21,Other household types: Total,Household composition - Households,NM_1538_1,All households,TS003,Demography and Migration,Household composition,NM_2023_1,NM_2023_1_1007,NA,NA
NM_1538_1_22,22,Other household types: With one dependent child,Household composition - Households,NM_1538_1,All households,TS003,Demography and Migration,Household composition,NM_2023_1,NM_2023_1_13,NA,NA
NM_1538_1_23,23,Other household types: With two or more dependent children,Household composition - Households,NM_1538_1,All households,TS003,Demography and Migration,Household composition,NM_2023_1,NM_2023_1_13,NA,NA
NM_1538_1_24,24,Other household types: All full-time students,Household composition - Households,NM_1538_1,All households,TS003,Demography and Migration,Household composition,NM_2023_1,NM_2023_1_14,NA,NA
NM_1538_1_25,25,Other household types: All aged 65 and over,Household composition - Households,NM_1538_1,All households,TS003,Demography and Migration,Household composition,NM_2023_1,NM_2023_1_14,NA,NA
NM_1538_1_26,26,Other household types: Other,Household composition - Households,NM_1538_1,All households,TS003,Demography and Migration,Household composition,NM_2023_1,NM_2023_1_14,NA,NA
NM_1544_1_0,0,All categories: Country of birth,Country of birth,NM_1544_1,All usual residents,TS004,Demography and Migration,Country of birth,NM_2024_1,NM_2024_1_0,NA,NA
NM_1544_1_1,1,Europe: Total,Country of birth,NM_1544_1,All usual residents,TS004,Demography and Migration,Country of birth,NM_2024_1,NM_2024_1_1001,NA,NA
NM_1544_1_2,2,Europe: United Kingdom: Total,Country of birth,NM_1544_1,All usual residents,TS004,Demography and Migration,Country of birth,NM_2024_1,NM_2024_1_1,NA,NA
NM_1544_1_3,3,Europe: United Kingdom: England,Country of birth,NM_1544_1,All usual residents,TS004,Demography and Migration,Country of birth,NM_2024_1,NA,NA,NA
NM_1544_1_4,4,Europe: United Kingdom: Northern Ireland,Country of birth,NM_1544_1,All usual residents,TS004,Demography and Migration,Country of birth,NM_2024_1,NA,NA,NA
NM_1544_1_5,5,Europe: United Kingdom: Scotland,Country of birth,NM_1544_1,All usual residents,TS004,Demography and Migration,Country of birth,NM_2024_1,NA,NA,NA
NM_1544_1_6,6,Europe: United Kingdom: Wales,Country of birth,NM_1544_1,All usual residents,TS004,Demography and Migration,Country of birth,NM_2024_1,NA,NA,NA
NM_1544_1_7,7,Europe: United Kingdom not otherwise specified,Country of birth,NM_1544_1,All usual residents,TS004,Demography and Migration,Country of birth,NM_2024_1,NA,NA,NA
NM_1544_1_8,8,Europe: Channel Islands and Isle of Man,Country of birth,NM_1544_1,All usual residents,TS004,Demography and Migration,Country of birth,NM_2024_1,NM_2024_1_1003,NA,NA
NM_1544_1_9,9,Europe: Ireland,Country of birth,NM_1544_1,All usual residents,TS004,Demography and Migration,Country of birth,NM_2024_1,NA,NA,NA
NM_1544_1_10,10,Europe: Other Europe: Total,Country of birth,NM_1544_1,All usual residents,TS004,Demography and Migration,Country of birth,NM_2024_1,NA,NA,NA
NM_1544_1_11,11,Europe: Other Europe: EU Countries: Total,Country of birth,NM_1544_1,All usual residents,TS004,Demography and Migration,Country of birth,NM_2024_1,NM_2024_1_1002,NA,NA
NM_1544_1_12,12,Europe: Other Europe: EU countries: Germany,Country of birth,NM_1544_1,All usual residents,TS004,Demography and Migration,Country of birth,NM_2024_1,NA,NA,NA
NM_1544_1_13,13,Europe: Other Europe: EU countries: Lithuania,Country of birth,NM_1544_1,All usual residents,TS004,Demography and Migration,Country of birth,NM_2024_1,NA,NA,NA
NM_1544_1_14,14,Europe: Other Europe: EU countries: Poland,Country of birth,NM_1544_1,All usual residents,TS004,Demography and Migration,Country of birth,NM_2024_1,NA,NA,NA
NM_1544_1_15,15,Europe: Other Europe: EU countries: Romania,Country of birth,NM_1544_1,All usual residents,TS004,Demography and Migration,Country of birth,NM_2024_1,NA,NA,NA
NM_1544_1_16,16,Europe: Other Europe: EU countries: Other EU countries,Country of birth,NM_1544_1,All usual residents,TS004,Demography and Migration,Country of birth,NM_2024_1,NA,NA,NA
NM_1544_1_17,17,Europe: Other Europe: Rest of Europe: Total,Country of birth,NM_1544_1,All usual residents,TS004,Demography and Migration,Country of birth,NM_2024_1,NM_2024_1_1003,NA,NA
NM_1544_1_18,18,Europe: Other Europe: Rest of Europe: Turkey,Country of birth,NM_1544_1,All usual residents,TS004,Demography and Migration,Country of birth,NM_2024_1,NA,NA,NA
NM_1544_1_19,19,Europe: Other Europe: Rest of Europe: Other Europe,Country of birth,NM_1544_1,All usual residents,TS004,Demography and Migration,Country of birth,NM_2024_1,NA,NA,NA
NM_1544_1_20,20,Africa: Total,Country of birth,NM_1544_1,All usual residents,TS004,Demography and Migration,Country of birth,NM_2024_1,NM_2024_1_7,NA,NA
NM_1544_1_21,21,Africa: North Africa,Country of birth,NM_1544_1,All usual residents,TS004,Demography and Migration,Country of birth,NM_2024_1,NA,NA,NA
NM_1544_1_22,22,Africa: Central and Western Africa: Total,Country of birth,NM_1544_1,All usual residents,TS004,Demography and Migration,Country of birth,NM_2024_1,NA,NA,NA
NM_1544_1_23,23,Africa: Central and Western Africa: Nigeria,Country of birth,NM_1544_1,All usual residents,TS004,Demography and Migration,Country of birth,NM_2024_1,NA,NA,NA
NM_1544_1_24,24,Africa: Central and Western Africa: Other Central and Western Africa,Country of birth,NM_1544_1,All usual residents,TS004,Demography and Migration,Country of birth,NM_2024_1,NA,NA,NA
NM_1544_1_25,25,Africa: South and Eastern Africa: Total,Country of birth,NM_1544_1,All usual residents,TS004,Demography and Migration,Country of birth,NM_2024_1,NA,NA,NA
NM_1544_1_26,26,Africa: South and Eastern Africa: Kenya,Country of birth,NM_1544_1,All usual residents,TS004,Demography and Migration,Country of birth,NM_2024_1,NA,NA,NA
NM_1544_1_27,27,Africa: South and Eastern Africa: South Africa,Country of birth,NM_1544_1,All usual residents,TS004,Demography and Migration,Country of birth,NM_2024_1,NA,NA,NA
NM_1544_1_28,28,Africa: South and Eastern Africa: Zimbabwe,Country of birth,NM_1544_1,All usual residents,TS004,Demography and Migration,Country of birth,NM_2024_1,NA,NA,NA
NM_1544_1_29,29,Africa: South and Eastern Africa: Other South and Eastern Africa,Country of birth,NM_1544_1,All usual residents,TS004,Demography and Migration,Country of birth,NM_2024_1,NA,NA,NA
NM_1544_1_30,30,Middle East and Asia: Total,Country of birth,NM_1544_1,All usual residents,TS004,Demography and Migration,Country of birth,NM_2024_1,NM_2024_1_8,NA,NA
NM_1544_1_31,31,Middle East and Asia: Middle East: Total,Country of birth,NM_1544_1,All usual residents,TS004,Demography and Migration,Country of birth,NM_2024_1,NA,NA,NA
NM_1544_1_32,32,Middle East and Asia: Middle East: Iran,Country of birth,NM_1544_1,All usual residents,TS004,Demography and Migration,Country of birth,NM_2024_1,NA,NA,NA
NM_1544_1_33,33,Middle East and Asia: Middle East: Other Middle East,Country of birth,NM_1544_1,All usual residents,TS004,Demography and Migration,Country of birth,NM_2024_1,NA,NA,NA
NM_1544_1_34,34,Middle East and Asia: Eastern Asia: Total,Country of birth,NM_1544_1,All usual residents,TS004,Demography and Migration,Country of birth,NM_2024_1,NA,NA,NA
NM_1544_1_35,35,Middle East and Asia: Eastern Asia: China,Country of birth,NM_1544_1,All usual residents,TS004,Demography and Migration,Country of birth,NM_2024_1,NA,NA,NA
NM_1544_1_36,36,Middle East and Asia: Eastern Asia: Hong Kong (Special Administrative Region of China),Country of birth,NM_1544_1,All usual residents,TS004,Demography and Migration,Country of birth,NM_2024_1,NA,NA,NA
NM_1544_1_37,37,Middle East and Asia: Eastern Asia: Other Eastern Asia,Country of birth,NM_1544_1,All usual residents,TS004,Demography and Migration,Country of birth,NM_2024_1,NA,NA,NA
NM_1544_1_38,38,Middle East and Asia: Southern Asia: Total,Country of birth,NM_1544_1,All usual residents,TS004,Demography and Migration,Country of birth,NM_2024_1,NA,NA,NA
NM_1544_1_39,39,Middle East and Asia: Southern Asia: Bangladesh,Country of birth,NM_1544_1,All usual residents,TS004,Demography and Migration,Country of birth,NM_2024_1,NA,NA,NA
NM_1544_1_40,40,Middle East and Asia: Southern Asia: India,Country of birth,NM_1544_1,All usual residents,TS004,Demography and Migration,Country of birth,NM_2024_1,NA,NA,NA
NM_1544_1_41,41,Middle East and Asia: Southern Asia: Pakistan,Country of birth,NM_1544_1,All usual residents,TS004,Demography and Migration,Country of birth,NM_2024_1,NA,NA,NA
NM_1544_1_42,42,Middle East and Asia: Southern Asia: Other Southern Asia,Country of birth,NM_1544_1,All usual residents,TS004,Demography and Migration,Country of birth,NM_2024_1,NA,NA,NA
NM_1544_1_43,43,Middle East and Asia: South-East Asia: Total,Country of birth,NM_1544_1,All usual residents,TS004,Demography and Migration,Country of birth,NM_2024_1,NA,NA,NA
NM_1544_1_44,44,Middle East and Asia: Central Asia,Country of birth,NM_1544_1,All usual residents,TS004,Demography and Migration,Country of birth,NM_2024_1,NA,NA,NA
NM_1544_1_45,45,The Americas and the Caribbean: Total,Country of birth,NM_1544_1,All usual residents,TS004,Demography and Migration,Country of birth,NM_2024_1,NM_2024_1_9,NA,NA
NM_1544_1_46,46,The Americas and the Caribbean: North Americas and the Caribbean: Total,Country of birth,NM_1544_1,All usual residents,TS004,Demography and Migration,Country of birth,NM_2024_1,NA,NA,NA
NM_1544_1_47,47,The Americas and the Caribbean: North Americas and the Caribbean: The Caribbean,Country of birth,NM_1544_1,All usual residents,TS004,Demography and Migration,Country of birth,NM_2024_1,NA,NA,NA
NM_1544_1_48,48,The Americas and the Caribbean: North Americas and the Caribbean: United States of America,Country of birth,NM_1544_1,All usual residents,TS004,Demography and Migration,Country of birth,NM_2024_1,NA,NA,NA
NM_1544_1_49,49,The Americas and the Caribbean: North Americas and the Caribbean: Other North America,Country of birth,NM_1544_1,All usual residents,TS004,Demography and Migration,Country of birth,NM_2024_1,NA,NA,NA
NM_1544_1_50,50,The Americas and the Caribbean: Central America,Country of birth,NM_1544_1,All usual residents,TS004,Demography and Migration,Country of birth,NM_2024_1,NA,NA,NA
NM_1544_1_51,51,The Americas and the Caribbean: South America,Country of birth,NM_1544_1,All usual residents,TS004,Demography and Migration,Country of birth,NM_2024_1,NA,NA,NA
NM_1544_1_52,52,Antarctica and Oceania: Total,Country of birth,NM_1544_1,All usual residents,TS004,Demography and Migration,Country of birth,NM_2024_1,NM_2024_1_10,NA,NA
NM_1544_1_53,53,Antarctica and Oceania: Australia,Country of birth,NM_1544_1,All usual residents,TS004,Demography and Migration,Country of birth,NM_2024_1,NA,NA,NA
NM_1544_1_54,54,Antarctica and Oceania: Other Antarctica and Oceania,Country of birth,NM_1544_1,All usual residents,TS004,Demography and Migration,Country of birth,NM_2024_1,NA,NA,NA
NM_1544_1_55,55,Other,Country of birth,NM_1544_1,All usual residents,TS004,Demography and Migration,Country of birth,NM_2024_1,NA,NA,NA
NM_160_1_0,0,All usual residents,Population density,NM_160_1,All usual residents,TS006,Demography and Migration,Population density,NM_2026_1,NA,NA,NA
NM_160_1_1,1,Area Hectares,Population density,NM_160_1,All usual residents,TS006,Demography and Migration,Population density,NM_2026_1,NA,NA,NA
NM_160_1_2,2,Density (number of persons per hectare),Population density,NM_160_1,All usual residents,TS006,Demography and Migration,Population density,NM_2026_1,NM_2026_1_0,NA,NA
NM_1531_1_0,0,All categories: Age,Age by single year,NM_1531_1,All usual residents,TS007A,Demography and Migration,Age by five-year age bands,NM_2020_1,NM_2020_1_0,NA,NA
NM_1531_1_1,1,Age under 1,Age by single year,NM_1531_1,All usual residents,TS007A,Demography and Migration,Age by five-year age bands,NM_2020_1,NM_2020_1_1,NA,NA
NM_1531_1_2,2,Age 1,Age by single year,NM_1531_1,All usual residents,TS007A,Demography and Migration,Age by five-year age bands,NM_2020_1,NM_2020_1_1,NA,NA
NM_1531_1_3,3,Age 2,Age by single year,NM_1531_1,All usual residents,TS007A,Demography and Migration,Age by five-year age bands,NM_2020_1,NM_2020_1_1,NA,NA
NM_1531_1_4,4,Age 3,Age by single year,NM_1531_1,All usual residents,TS007A,Demography and Migration,Age by five-year age bands,NM_2020_1,NM_2020_1_1,NA,NA
NM_1531_1_5,5,Age 4,Age by single year,NM_1531_1,All usual residents,TS007A,Demography and Migration,Age by five-year age bands,NM_2020_1,NM_2020_1_1,NA,NA
NM_1531_1_6,6,Age 5,Age by single year,NM_1531_1,All usual residents,TS007A,Demography and Migration,Age by five-year age bands,NM_2020_1,NM_2020_1_2,NA,NA
NM_1531_1_7,7,Age 6,Age by single year,NM_1531_1,All usual residents,TS007A,Demography and Migration,Age by five-year age bands,NM_2020_1,NM_2020_1_2,NA,NA
NM_1531_1_8,8,Age 7,Age by single year,NM_1531_1,All usual residents,TS007A,Demography and Migration,Age by five-year age bands,NM_2020_1,NM_2020_1_2,NA,NA
NM_1531_1_9,9,Age 8,Age by single year,NM_1531_1,All usual residents,TS007A,Demography and Migration,Age by five-year age bands,NM_2020_1,NM_2020_1_2,NA,NA
NM_1531_1_10,10,Age 9,Age by single year,NM_1531_1,All usual residents,TS007A,Demography and Migration,Age by five-year age bands,NM_2020_1,NM_2020_1_2,NA,NA
NM_1531_1_11,11,Age 10,Age by single year,NM_1531_1,All usual residents,TS007A,Demography and Migration,Age by five-year age bands,NM_2020_1,NM_2020_1_3,NA,NA
NM_1531_1_12,12,Age 11,Age by single year,NM_1531_1,All usual residents,TS007A,Demography and Migration,Age by five-year age bands,NM_2020_1,NM_2020_1_3,NA,NA
NM_1531_1_13,13,Age 12,Age by single year,NM_1531_1,All usual residents,TS007A,Demography and Migration,Age by five-year age bands,NM_2020_1,NM_2020_1_3,NA,NA
NM_1531_1_14,14,Age 13,Age by single year,NM_1531_1,All usual residents,TS007A,Demography and Migration,Age by five-year age bands,NM_2020_1,NM_2020_1_3,NA,NA
NM_1531_1_15,15,Age 14,Age by single year,NM_1531_1,All usual residents,TS007A,Demography and Migration,Age by five-year age bands,NM_2020_1,NM_2020_1_3,NA,NA
NM_1531_1_16,16,Age 15,Age by single year,NM_1531_1,All usual residents,TS007A,Demography and Migration,Age by five-year age bands,NM_2020_1,NM_2020_1_4,NA,NA
NM_1531_1_17,17,Age 16,Age by single year,NM_1531_1,All usual residents,TS007A,Demography and Migration,Age by five-year age bands,NM_2020_1,NM_2020_1_4,NA,NA
NM_1531_1_18,18,Age 17,Age by single year,NM_1531_1,All usual residents,TS007A,Demography and Migration,Age by five-year age bands,NM_2020_1,NM_2020_1_4,NA,NA
NM_1531_1_19,19,Age 18,Age by single year,NM_1531_1,All usual residents,TS007A,Demography and Migration,Age by five-year age bands,NM_2020_1,NM_2020_1_4,NA,NA
NM_1531_1_20,20,Age 19,Age by single year,NM_1531_1,All usual residents,TS007A,Demography and Migration,Age by five-year age bands,NM_2020_1,NM_2020_1_4,NA,NA
NM_1531_1_21,21,Age 20,Age by single year,NM_1531_1,All usual residents,TS007A,Demography and Migration,Age by five-year age bands,NM_2020_1,NM_2020_1_5,NA,NA
NM_1531_1_22,22,Age 21,Age by single year,NM_1531_1,All usual residents,TS007A,Demography and Migration,Age by five-year age bands,NM_2020_1,NM_2020_1_5,NA,NA
NM_1531_1_23,23,Age 22,Age by single year,NM_1531_1,All usual residents,TS007A,Demography and Migration,Age by five-year age bands,NM_2020_1,NM_2020_1_5,NA,NA
NM_1531_1_24,24,Age 23,Age by single year,NM_1531_1,All usual residents,TS007A,Demography and Migration,Age by five-year age bands,NM_2020_1,NM_2020_1_5,NA,NA
NM_1531_1_25,25,Age 24,Age by single year,NM_1531_1,All usual residents,TS007A,Demography and Migration,Age by five-year age bands,NM_2020_1,NM_2020_1_5,NA,NA
NM_1531_1_26,26,Age 25,Age by single year,NM_1531_1,All usual residents,TS007A,Demography and Migration,Age by five-year age bands,NM_2020_1,NM_2020_1_6,NA,NA
NM_1531_1_27,27,Age 26,Age by single year,NM_1531_1,All usual residents,TS007A,Demography and Migration,Age by five-year age bands,NM_2020_1,NM_2020_1_6,NA,NA
NM_1531_1_28,28,Age 27,Age by single year,NM_1531_1,All usual residents,TS007A,Demography and Migration,Age by five-year age bands,NM_2020_1,NM_2020_1_6,NA,NA
NM_1531_1_29,29,Age 28,Age by single year,NM_1531_1,All usual residents,TS007A,Demography and Migration,Age by five-year age bands,NM_2020_1,NM_2020_1_6,NA,NA
NM_1531_1_30,30,Age 29,Age by single year,NM_1531_1,All usual residents,TS007A,Demography and Migration,Age by five-year age bands,NM_2020_1,NM_2020_1_6,NA,NA
NM_1531_1_31,31,Age 30,Age by single year,NM_1531_1,All usual residents,TS007A,Demography and Migration,Age by five-year age bands,NM_2020_1,NM_2020_1_7,NA,NA
NM_1531_1_32,32,Age 31,Age by single year,NM_1531_1,All usual residents,TS007A,Demography and Migration,Age by five-year age bands,NM_2020_1,NM_2020_1_7,NA,NA
NM_1531_1_33,33,Age 32,Age by single year,NM_1531_1,All usual residents,TS007A,Demography and Migration,Age by five-year age bands,NM_2020_1,NM_2020_1_7,NA,NA
NM_1531_1_34,34,Age 33,Age by single year,NM_1531_1,All usual residents,TS007A,Demography and Migration,Age by five-year age bands,NM_2020_1,NM_2020_1_7,NA,NA
NM_1531_1_35,35,Age 34,Age by single year,NM_1531_1,All usual residents,TS007A,Demography and Migration,Age by five-year age bands,NM_2020_1,NM_2020_1_7,NA,NA
NM_1531_1_36,36,Age 35,Age by single year,NM_1531_1,All usual residents,TS007A,Demography and Migration,Age by five-year age bands,NM_2020_1,NM_2020_1_8,NA,NA
NM_1531_1_37,37,Age 36,Age by single year,NM_1531_1,All usual residents,TS007A,Demography and Migration,Age by five-year age bands,NM_2020_1,NM_2020_1_8,NA,NA
NM_1531_1_38,38,Age 37,Age by single year,NM_1531_1,All usual residents,TS007A,Demography and Migration,Age by five-year age bands,NM_2020_1,NM_2020_1_8,NA,NA
NM_1531_1_39,39,Age 38,Age by single year,NM_1531_1,All usual residents,TS007A,Demography and Migration,Age by five-year age bands,NM_2020_1,NM_2020_1_8,NA,NA
NM_1531_1_40,40,Age 39,Age by single year,NM_1531_1,All usual residents,TS007A,Demography and Migration,Age by five-year age bands,NM_2020_1,NM_2020_1_8,NA,NA
NM_1531_1_41,41,Age 40,Age by single year,NM_1531_1,All usual residents,TS007A,Demography and Migration,Age by five-year age bands,NM_2020_1,NM_2020_1_9,NA,NA
NM_1531_1_42,42,Age 41,Age by single year,NM_1531_1,All usual residents,TS007A,Demography and Migration,Age by five-year age bands,NM_2020_1,NM_2020_1_9,NA,NA
NM_1531_1_43,43,Age 42,Age by single year,NM_1531_1,All usual residents,TS007A,Demography and Migration,Age by five-year age bands,NM_2020_1,NM_2020_1_9,NA,NA
NM_1531_1_44,44,Age 43,Age by single year,NM_1531_1,All usual residents,TS007A,Demography and Migration,Age by five-year age bands,NM_2020_1,NM_2020_1_9,NA,NA
NM_1531_1_45,45,Age 44,Age by single year,NM_1531_1,All usual residents,TS007A,Demography and Migration,Age by five-year age bands,NM_2020_1,NM_2020_1_9,NA,NA
NM_1531_1_46,46,Age 45,Age by single year,NM_1531_1,All usual residents,TS007A,Demography and Migration,Age by five-year age bands,NM_2020_1,NM_2020_1_10,NA,NA
NM_1531_1_47,47,Age 46,Age by single year,NM_1531_1,All usual residents,TS007A,Demography and Migration,Age by five-year age bands,NM_2020_1,NM_2020_1_10,NA,NA
NM_1531_1_48,48,Age 47,Age by single year,NM_1531_1,All usual residents,TS007A,Demography and Migration,Age by five-year age bands,NM_2020_1,NM_2020_1_10,NA,NA
NM_1531_1_49,49,Age 48,Age by single year,NM_1531_1,All usual residents,TS007A,Demography and Migration,Age by five-year age bands,NM_2020_1,NM_2020_1_10,NA,NA
NM_1531_1_50,50,Age 49,Age by single year,NM_1531_1,All usual residents,TS007A,Demography and Migration,Age by five-year age bands,NM_2020_1,NM_2020_1_10,NA,NA
NM_1531_1_51,51,Age 50,Age by single year,NM_1531_1,All usual residents,TS007A,Demography and Migration,Age by five-year age bands,NM_2020_1,NM_2020_1_11,NA,NA
NM_1531_1_52,52,Age 51,Age by single year,NM_1531_1,All usual residents,TS007A,Demography and Migration,Age by five-year age bands,NM_2020_1,NM_2020_1_11,NA,NA
NM_1531_1_53,53,Age 52,Age by single year,NM_1531_1,All usual residents,TS007A,Demography and Migration,Age by five-year age bands,NM_2020_1,NM_2020_1_11,NA,NA
NM_1531_1_54,54,Age 53,Age by single year,NM_1531_1,All usual residents,TS007A,Demography and Migration,Age by five-year age bands,NM_2020_1,NM_2020_1_11,NA,NA
NM_1531_1_55,55,Age 54,Age by single year,NM_1531_1,All usual residents,TS007A,Demography and Migration,Age by five-year age bands,NM_2020_1,NM_2020_1_11,NA,NA
NM_1531_1_56,56,Age 55,Age by single year,NM_1531_1,All usual residents,TS007A,Demography and Migration,Age by five-year age bands,NM_2020_1,NM_2020_1_12,NA,NA
NM_1531_1_57,57,Age 56,Age by single year,NM_1531_1,All usual residents,TS007A,Demography and Migration,Age by five-year age bands,NM_2020_1,NM_2020_1_12,NA,NA
NM_1531_1_58,58,Age 57,Age by single year,NM_1531_1,All usual residents,TS007A,Demography and Migration,Age by five-year age bands,NM_2020_1,NM_2020_1_12,NA,NA
NM_1531_1_59,59,Age 58,Age by single year,NM_1531_1,All usual residents,TS007A,Demography and Migration,Age by five-year age bands,NM_2020_1,NM_2020_1_12,NA,NA
NM_1531_1_60,60,Age 59,Age by single year,NM_1531_1,All usual residents,TS007A,Demography and Migration,Age by five-year age bands,NM_2020_1,NM_2020_1_12,NA,NA
NM_1531_1_61,61,Age 60,Age by single year,NM_1531_1,All usual residents,TS007A,Demography and Migration,Age by five-year age bands,NM_2020_1,NM_2020_1_13,NA,NA
NM_1531_1_62,62,Age 61,Age by single year,NM_1531_1,All usual residents,TS007A,Demography and Migration,Age by five-year age bands,NM_2020_1,NM_2020_1_13,NA,NA
NM_1531_1_63,63,Age 62,Age by single year,NM_1531_1,All usual residents,TS007A,Demography and Migration,Age by five-year age bands,NM_2020_1,NM_2020_1_13,NA,NA
NM_1531_1_64,64,Age 63,Age by single year,NM_1531_1,All usual residents,TS007A,Demography and Migration,Age by five-year age bands,NM_2020_1,NM_2020_1_13,NA,NA
NM_1531_1_65,65,Age 64,Age by single year,NM_1531_1,All usual residents,TS007A,Demography and Migration,Age by five-year age bands,NM_2020_1,NM_2020_1_13,NA,NA
NM_1531_1_66,66,Age 65,Age by single year,NM_1531_1,All usual residents,TS007A,Demography and Migration,Age by five-year age bands,NM_2020_1,NM_2020_1_14,NA,NA
NM_1531_1_67,67,Age 66,Age by single year,NM_1531_1,All usual residents,TS007A,Demography and Migration,Age by five-year age bands,NM_2020_1,NM_2020_1_14,NA,NA
NM_1531_1_68,68,Age 67,Age by single year,NM_1531_1,All usual residents,TS007A,Demography and Migration,Age by five-year age bands,NM_2020_1,NM_2020_1_14,NA,NA
NM_1531_1_69,69,Age 68,Age by single year,NM_1531_1,All usual residents,TS007A,Demography and Migration,Age by five-year age bands,NM_2020_1,NM_2020_1_14,NA,NA
NM_1531_1_70,70,Age 69,Age by single year,NM_1531_1,All usual residents,TS007A,Demography and Migration,Age by five-year age bands,NM_2020_1,NM_2020_1_14,NA,NA
NM_1531_1_71,71,Age 70,Age by single year,NM_1531_1,All usual residents,TS007A,Demography and Migration,Age by five-year age bands,NM_2020_1,NM_2020_1_15,NA,NA
NM_1531_1_72,72,Age 71,Age by single year,NM_1531_1,All usual residents,TS007A,Demography and Migration,Age by five-year age bands,NM_2020_1,NM_2020_1_15,NA,NA
NM_1531_1_73,73,Age 72,Age by single year,NM_1531_1,All usual residents,TS007A,Demography and Migration,Age by five-year age bands,NM_2020_1,NM_2020_1_15,NA,NA
NM_1531_1_74,74,Age 73,Age by single year,NM_1531_1,All usual residents,TS007A,Demography and Migration,Age by five-year age bands,NM_2020_1,NM_2020_1_15,NA,NA
NM_1531_1_75,75,Age 74,Age by single year,NM_1531_1,All usual residents,TS007A,Demography and Migration,Age by five-year age bands,NM_2020_1,NM_2020_1_15,NA,NA
NM_1531_1_76,76,Age 75,Age by single year,NM_1531_1,All usual residents,TS007A,Demography and Migration,Age by five-year age bands,NM_2020_1,NM_2020_1_16,NA,NA
NM_1531_1_77,77,Age 76,Age by single year,NM_1531_1,All usual residents,TS007A,Demography and Migration,Age by five-year age bands,NM_2020_1,NM_2020_1_16,NA,NA
NM_1531_1_78,78,Age 77,Age by single year,NM_1531_1,All usual residents,TS007A,Demography and Migration,Age by five-year age bands,NM_2020_1,NM_2020_1_16,NA,NA
NM_1531_1_79,79,Age 78,Age by single year,NM_1531_1,All usual residents,TS007A,Demography and Migration,Age by five-year age bands,NM_2020_1,NM_2020_1_16,NA,NA
NM_1531_1_80,80,Age 79,Age by single year,NM_1531_1,All usual residents,TS007A,Demography and Migration,Age by five-year age bands,NM_2020_1,NM_2020_1_16,NA,NA
NM_1531_1_81,81,Age 80,Age by single year,NM_1531_1,All usual residents,TS007A,Demography and Migration,Age by five-year age bands,NM_2020_1,NM_2020_1_17,NA,NA
NM_1531_1_82,82,Age 81,Age by single year,NM_1531_1,All usual residents,TS007A,Demography and Migration,Age by five-year age bands,NM_2020_1,NM_2020_1_17,NA,NA
NM_1531_1_83,83,Age 82,Age by single year,NM_1531_1,All usual residents,TS007A,Demography and Migration,Age by five-year age bands,NM_2020_1,NM_2020_1_17,NA,NA
NM_1531_1_84,84,Age 83,Age by single year,NM_1531_1,All usual residents,TS007A,Demography and Migration,Age by five-year age bands,NM_2020_1,NM_2020_1_17,NA,NA
NM_1531_1_85,85,Age 84,Age by single year,NM_1531_1,All usual residents,TS007A,Demography and Migration,Age by five-year age bands,NM_2020_1,NM_2020_1_17,NA,NA
NM_1531_1_86,86,Age 85,Age by single year,NM_1531_1,All usual residents,TS007A,Demography and Migration,Age by five-year age bands,NM_2020_1,NM_2020_1_18,NA,NA
NM_1531_1_87,87,Age 86,Age by single year,NM_1531_1,All usual residents,TS007A,Demography and Migration,Age by five-year age bands,NM_2020_1,NM_2020_1_18,NA,NA
NM_1531_1_88,88,Age 87,Age by single year,NM_1531_1,All usual residents,TS007A,Demography and Migration,Age by five-year age bands,NM_2020_1,NM_2020_1_18,NA,NA
NM_1531_1_89,89,Age 88,Age by single year,NM_1531_1,All usual residents,TS007A,Demography and Migration,Age by five-year age bands,NM_2020_1,NM_2020_1_18,NA,NA
NM_1531_1_90,90,Age 89,Age by single year,NM_1531_1,All usual residents,TS007A,Demography and Migration,Age by five-year age bands,NM_2020_1,NM_2020_1_18,NA,NA
NM_1531_1_91,91,Age 90,Age by single year,NM_1531_1,All usual residents,TS007A,Demography and Migration,Age by five-year age bands,NM_2020_1,NM_2020_1_18,NA,NA
NM_1531_1_92,92,Age 91,Age by single year,NM_1531_1,All usual residents,TS007A,Demography and Migration,Age by five-year age bands,NM_2020_1,NM_2020_1_18,NA,NA
NM_1531_1_93,93,Age 92,Age by single year,NM_1531_1,All usual residents,TS007A,Demography and Migration,Age by five-year age bands,NM_2020_1,NM_2020_1_18,NA,NA
NM_1531_1_94,94,Age 93,Age by single year,NM_1531_1,All usual residents,TS007A,Demography and Migration,Age by five-year age bands,NM_2020_1,NM_2020_1_18,NA,NA
NM_1531_1_95,95,Age 94,Age by single year,NM_1531_1,All usual residents,TS007A,Demography and Migration,Age by five-year age bands,NM_2020_1,NM_2020_1_18,NA,NA
NM_1531_1_96,96,Age 95,Age by single year,NM_1531_1,All usual residents,TS007A,Demography and Migration,Age by five-year age bands,NM_2020_1,NM_2020_1_18,NA,NA
NM_1531_1_97,97,Age 96,Age by single year,NM_1531_1,All usual residents,TS007A,Demography and Migration,Age by five-year age bands,NM_2020_1,NM_2020_1_18,NA,NA
NM_1531_1_98,98,Age 97,Age by single year,NM_1531_1,All usual residents,TS007A,Demography and Migration,Age by five-year age bands,NM_2020_1,NM_2020_1_18,NA,NA
NM_1531_1_99,99,Age 98,Age by single year,NM_1531_1,All usual residents,TS007A,Demography and Migration,Age by five-year age bands,NM_2020_1,NM_2020_1_18,NA,NA
NM_1531_1_100,100,Age 99,Age by single year,NM_1531_1,All usual residents,TS007A,Demography and Migration,Age by five-year age bands,NM_2020_1,NM_2020_1_18,NA,NA
NM_1531_1_101,101,Age 100 and over,Age by single year,NM_1531_1,All usual residents,TS007A,Demography and Migration,Age by five-year age bands,NM_2020_1,NM_2020_1_18,NA,NA
NM_1532_1_0,0,All persons,Sex,NM_1532_1,All usual residents,TS008,Demography and Migration,Sex,NM_2028_1,NM_2028_1_0,NA,NA
NM_1532_1_1,1,Males,Sex,NM_1532_1,All usual residents,TS008,Demography and Migration,Sex,NM_2028_1,NM_2028_1_2,NA,NA
NM_1532_1_2,2,Females,Sex,NM_1532_1,All usual residents,TS008,Demography and Migration,Sex,NM_2028_1,NM_2028_1_1,NA,NA
NM_1553_1_0,0,All categories: Household size,Household size,NM_1553_1,All households,TS017,Demography and Migration,Household size,NM_2037_1,NM_2037_1_0,NA,NA
NM_1553_1_1,1,1 person in household,Household size,NM_1553_1,All households,TS017,Demography and Migration,Household size,NM_2037_1,NM_2037_1_2,NA,NA
NM_1553_1_2,2,2 people in household,Household size,NM_1553_1,All households,TS017,Demography and Migration,Household size,NM_2037_1,NM_2037_1_3,NA,NA
NM_1553_1_3,3,3 people in household,Household size,NM_1553_1,All households,TS017,Demography and Migration,Household size,NM_2037_1,NM_2037_1_4,NA,NA
NM_1553_1_4,4,4 people in household,Household size,NM_1553_1,All households,TS017,Demography and Migration,Household size,NM_2037_1,NM_2037_1_5,NA,NA
NM_1553_1_5,5,5 people in household,Household size,NM_1553_1,All households,TS017,Demography and Migration,Household size,NM_2037_1,NM_2037_1_6,NA,NA
NM_1553_1_6,6,6 people in household,Household size,NM_1553_1,All households,TS017,Demography and Migration,Household size,NM_2037_1,NM_2037_1_7,NA,NA
NM_1553_1_7,7,7 people in household,Household size,NM_1553_1,All households,TS017,Demography and Migration,Household size,NM_2037_1,NM_2037_1_8,NA,NA
NM_1553_1_8,8,8 or more people in household,Household size,NM_1553_1,All households,TS017,Demography and Migration,Household size,NM_2037_1,NM_2037_1_9,NA,NA
NM_1287_1_0,0,All usual residents,Migration,NM_1287_1,All usual residents,TS019,Demography and Migration,Migrant Indicator,NM_2039_1,NM_2039_1_0,NA,NA
NM_1287_1_1,1,Lived at same address one year ago,Migration,NM_1287_1,All usual residents,TS019,Demography and Migration,Migrant Indicator,NM_2039_1,NM_2039_1_1,NA,NA
NM_1287_1_2,2,Migrants: Total,Migration,NM_1287_1,All usual residents,TS019,Demography and Migration,Migrant Indicator,NM_2039_1,NA,NA,NA
NM_1287_1_3,3,Migrants: Moved within the area,Migration,NM_1287_1,All usual residents,TS019,Demography and Migration,Migrant Indicator,NM_2039_1,NA,NA,NA
NM_1287_1_4,4,Migrants: Moved into the area from within the UK,Migration,NM_1287_1,All usual residents,TS019,Demography and Migration,Migrant Indicator,NM_2039_1,NM_2039_1_3,NA,NA
NM_1287_1_5,5,Migrants: Moved into the area from outside the UK,Migration,NM_1287_1,All usual residents,TS019,Demography and Migration,Migrant Indicator,NM_2039_1,NM_2039_1_4,NA,NA
NM_1287_1_6,6,Moved out of the area,Migration,NM_1287_1,All usual residents,TS019,Demography and Migration,Migrant Indicator,NM_2039_1,NA,NA,NA
NM_1287_1_7,7,Ethnic group 'White': Total,Migration,NM_1287_1,All usual residents,TS019,Demography and Migration,Migrant Indicator,NM_2039_1,NA,NA,NA
NM_1287_1_8,8,Ethnic group 'White': Lived at same address one year ago,Migration,NM_1287_1,All usual residents,TS019,Demography and Migration,Migrant Indicator,NM_2039_1,NA,NA,NA
NM_1287_1_9,9,Ethnic group 'White': Migrants: Total,Migration,NM_1287_1,All usual residents,TS019,Demography and Migration,Migrant Indicator,NM_2039_1,NA,NA,NA
NM_1287_1_10,10,Ethnic group 'White': Migrants: Moved within the area,Migration,NM_1287_1,All usual residents,TS019,Demography and Migration,Migrant Indicator,NM_2039_1,NA,NA,NA
NM_1287_1_11,11,Ethnic group 'White': Migrants: Moved into the area from within the UK,Migration,NM_1287_1,All usual residents,TS019,Demography and Migration,Migrant Indicator,NM_2039_1,NA,NA,NA
NM_1287_1_12,12,Ethnic group 'White': Migrants: Moved into the area from outside the UK,Migration,NM_1287_1,All usual residents,TS019,Demography and Migration,Migrant Indicator,NM_2039_1,NA,NA,NA
NM_1287_1_13,13,Ethnic group 'White': Moved out of the area*,Migration,NM_1287_1,All usual residents,TS019,Demography and Migration,Migrant Indicator,NM_2039_1,NA,NA,NA
NM_1287_1_14,14,Ethnic group other than 'White': Total,Migration,NM_1287_1,All usual residents,TS019,Demography and Migration,Migrant Indicator,NM_2039_1,NA,NA,NA
NM_1287_1_15,15,Ethnic group other than 'White': Lived at same address one year ago,Migration,NM_1287_1,All usual residents,TS019,Demography and Migration,Migrant Indicator,NM_2039_1,NA,NA,NA
NM_1287_1_16,16,Ethnic group other than 'White': Migrants: Total,Migration,NM_1287_1,All usual residents,TS019,Demography and Migration,Migrant Indicator,NM_2039_1,NA,NA,NA
NM_1287_1_17,17,Ethnic group other than 'White': Migrants: Moved within the area,Migration,NM_1287_1,All usual residents,TS019,Demography and Migration,Migrant Indicator,NM_2039_1,NA,NA,NA
NM_1287_1_18,18,Ethnic group other than 'White': Migrants: Moved into the area from within the UK,Migration,NM_1287_1,All usual residents,TS019,Demography and Migration,Migrant Indicator,NM_2039_1,NA,NA,NA
NM_1287_1_19,19,Ethnic group other than 'White': Migrants: Moved into the area from outside the UK,Migration,NM_1287_1,All usual residents,TS019,Demography and Migration,Migrant Indicator,NM_2039_1,NA,NA,NA
NM_1287_1_20,20,Ethnic group other than 'White': Moved out of the area*,Migration,NM_1287_1,All usual residents,TS019,Demography and Migration,Migrant Indicator,NM_2039_1,NA,NA,NA
NM_1504_1_0,0,All categories: Ethnic group,Ethnic group,NM_1504_1,All usual residents,TS021,"Ethnicity, Identity, Language and Religion",Ethnic group,NM_2041_1,NM_2041_1_0,NA,NA
NM_1504_1_1,1,White,Ethnic group,NM_1504_1,All usual residents,TS021,"Ethnicity, Identity, Language and Religion",Ethnic group,NM_2041_1,NM_2041_1_1004,NA,NA
NM_1504_1_2,2,Gypsy / Traveller / Irish Traveller,Ethnic group,NM_1504_1,All usual residents,TS021,"Ethnicity, Identity, Language and Religion",Ethnic group,NM_2041_1,NM_2041_1_3,NA,NA
NM_1504_1_3,3,Mixed / Multiple ethnic group,Ethnic group,NM_1504_1,All usual residents,TS021,"Ethnicity, Identity, Language and Religion",Ethnic group,NM_2041_1,NM_2041_1_1003,NA,NA
NM_1504_1_4,4,Asian / Asian British: Indian,Ethnic group,NM_1504_1,All usual residents,TS021,"Ethnicity, Identity, Language and Religion",Ethnic group,NM_2041_1,NM_2041_1_10,NA,NA
NM_1504_1_5,5,Asian / Asian British: Pakistani,Ethnic group,NM_1504_1,All usual residents,TS021,"Ethnicity, Identity, Language and Religion",Ethnic group,NM_2041_1,NM_2041_1_11,NA,NA
NM_1504_1_6,6,Asian / Asian British: Bangladeshi,Ethnic group,NM_1504_1,All usual residents,TS021,"Ethnicity, Identity, Language and Religion",Ethnic group,NM_2041_1,NM_2041_1_12,NA,NA
NM_1504_1_7,7,Asian / Asian British: Chinese,Ethnic group,NM_1504_1,All usual residents,TS021,"Ethnicity, Identity, Language and Religion",Ethnic group,NM_2041_1,NM_2041_1_13,NA,NA
NM_1504_1_8,8,Asian / Asian British: Other Asian,Ethnic group,NM_1504_1,All usual residents,TS021,"Ethnicity, Identity, Language and Religion",Ethnic group,NM_2041_1,NM_2041_1_14,NA,NA
NM_1504_1_9,9,Black / African / Caribbean / Black British,Ethnic group,NM_1504_1,All usual residents,TS021,"Ethnicity, Identity, Language and Religion",Ethnic group,NM_2041_1,NM_2041_1_1002,NA,NA
NM_1504_1_10,10,Other Ethnic Group,Ethnic group,NM_1504_1,All usual residents,TS021,"Ethnicity, Identity, Language and Religion",Ethnic group,NM_2041_1,NM_2041_1_1005,NA,NA
NM_1543_1_0,0,All categories: Multiple ethnic groups,Multiple ethnic group,NM_1543_1,All households,TS023,"Ethnicity, Identity, Language and Religion",Multiple ethnic group,NM_2042_1,NM_2042_1_0,NA,NA
NM_1543_1_1,1,One person household,Multiple ethnic group,NM_1543_1,All households,TS023,"Ethnicity, Identity, Language and Religion",Multiple ethnic group,NM_2042_1,NM_2042_1_1,NA,NA
NM_1543_1_2,2,All household members have the same ethnic group,Multiple ethnic group,NM_1543_1,All households,TS023,"Ethnicity, Identity, Language and Religion",Multiple ethnic group,NM_2042_1,NM_2042_1_2,NA,NA
NM_1543_1_3,3,Different ethnic groups between the generations only,Multiple ethnic group,NM_1543_1,All households,TS023,"Ethnicity, Identity, Language and Religion",Multiple ethnic group,NM_2042_1,NM_2042_1_3,NA,NA
NM_1543_1_4,4,Different ethnic groups within partnerships (whether or not different ethnic groups between generations),Multiple ethnic group,NM_1543_1,All households,TS023,"Ethnicity, Identity, Language and Religion",Multiple ethnic group,NM_2042_1,NM_2042_1_4,NA,NA
NM_1543_1_5,5,Any other combination of multiple ethnic groups,Multiple ethnic group,NM_1543_1,All households,TS023,"Ethnicity, Identity, Language and Religion",Multiple ethnic group,NM_2042_1,NM_2042_1_5,NA,NA
NM_526_1_0,0,All categories: Proficiency in English,Proficiency in English,NM_526_1,All usual residents aged 3 years and over,TS029,"Ethnicity, Identity, Language and Religion",Proficiency in English,NM_2048_1,NM_2048_1_0,NA,NA
NM_526_1_1,1,Main language is English (English or Welsh in Wales),Proficiency in English,NM_526_1,All usual residents aged 3 years and over,TS029,"Ethnicity, Identity, Language and Religion",Proficiency in English,NM_2048_1,NM_2048_1_1,NA,NA
NM_526_1_2,2,Main language is not English (English or Welsh in Wales): Can speak English very well,Proficiency in English,NM_526_1,All usual residents aged 3 years and over,TS029,"Ethnicity, Identity, Language and Religion",Proficiency in English,NM_2048_1,NM_2048_1_2,NA,NA
NM_526_1_3,3,Main language is not English (English or Welsh in Wales): Can speak English well,Proficiency in English,NM_526_1,All usual residents aged 3 years and over,TS029,"Ethnicity, Identity, Language and Religion",Proficiency in English,NM_2048_1,NM_2048_1_3,NA,NA
NM_526_1_4,4,Main language is not English (English or Welsh in Wales): Cannot speak English well,Proficiency in English,NM_526_1,All usual residents aged 3 years and over,TS029,"Ethnicity, Identity, Language and Religion",Proficiency in English,NM_2048_1,NM_2048_1_4,NA,NA
NM_526_1_5,5,Main language is not English (English or Welsh in Wales): Cannot speak English,Proficiency in English,NM_526_1,All usual residents aged 3 years and over,TS029,"Ethnicity, Identity, Language and Religion",Proficiency in English,NM_2048_1,NM_2048_1_5,NA,NA
NM_616_1_0,0,All categories: Religion,Religion,NM_616_1,All usual residents,TS030,"Ethnicity, Identity, Language and Religion",Religion,NM_2049_1,NM_2049_1_0,NA,NA
NM_616_1_100,100,Has religion,Religion,NM_616_1,All usual residents,TS030,"Ethnicity, Identity, Language and Religion",Religion,NM_2049_1,,NA,NA
NM_616_1_1,1,Christian,Religion,NM_616_1,All usual residents,TS030,"Ethnicity, Identity, Language and Religion",Religion,NM_2049_1,NM_2049_1_2,NA,NA
NM_616_1_2,2,Buddhist,Religion,NM_616_1,All usual residents,TS030,"Ethnicity, Identity, Language and Religion",Religion,NM_2049_1,NM_2049_1_3,NA,NA
NM_616_1_3,3,Hindu,Religion,NM_616_1,All usual residents,TS030,"Ethnicity, Identity, Language and Religion",Religion,NM_2049_1,NM_2049_1_4,NA,NA
NM_616_1_4,4,Jewish,Religion,NM_616_1,All usual residents,TS030,"Ethnicity, Identity, Language and Religion",Religion,NM_2049_1,NM_2049_1_5,NA,NA
NM_616_1_5,5,Muslim,Religion,NM_616_1,All usual residents,TS030,"Ethnicity, Identity, Language and Religion",Religion,NM_2049_1,NM_2049_1_6,NA,NA
NM_616_1_6,6,Sikh,Religion,NM_616_1,All usual residents,TS030,"Ethnicity, Identity, Language and Religion",Religion,NM_2049_1,NM_2049_1_7,NA,NA
NM_616_1_7,7,Other religion,Religion,NM_616_1,All usual residents,TS030,"Ethnicity, Identity, Language and Religion",Religion,NM_2049_1,NM_2049_1_8,NA,NA
NM_616_1_8,8,No religion,Religion,NM_616_1,All usual residents,TS030,"Ethnicity, Identity, Language and Religion",Religion,NM_2049_1,NM_2049_1_1,NA,NA
NM_616_1_9,9,Religion not stated,Religion,NM_616_1,All usual residents,TS030,"Ethnicity, Identity, Language and Religion",Religion,NM_2049_1,NM_2049_1_9,NA,NA
NM_1546_1_0,0,All categories: General health,General health,NM_1546_1,All usual residents,TS037,"Health, Disability and Unpaid Care",General health,NM_2055_1,NM_2055_1_0,NA,NA
NM_1546_1_1,1,Very good health,General health,NM_1546_1,All usual residents,TS037,"Health, Disability and Unpaid Care",General health,NM_2055_1,NM_2055_1_1,NA,NA
NM_1546_1_2,2,Good health,General health,NM_1546_1,All usual residents,TS037,"Health, Disability and Unpaid Care",General health,NM_2055_1,NM_2055_1_2,NA,NA
NM_1546_1_3,3,Fair health,General health,NM_1546_1,All usual residents,TS037,"Health, Disability and Unpaid Care",General health,NM_2055_1,NM_2055_1_3,NA,NA
NM_1546_1_4,4,Bad health,General health,NM_1546_1,All usual residents,TS037,"Health, Disability and Unpaid Care",General health,NM_2055_1,NM_2055_1_4,NA,NA
NM_1546_1_5,5,Very bad health,General health,NM_1546_1,All usual residents,TS037,"Health, Disability and Unpaid Care",General health,NM_2055_1,NM_2055_1_5,NA,NA
NM_1547_1_0,0,All categories: Long-term health problem or disability,Long-term health problem or disability,NM_1547_1,All usual residents,TS038,"Health, Disability and Unpaid Care",Disability,NM_2056_1,NM_2056_1_0,NA,NA
NM_1547_1_1,1,Day-to-day activities limited a lot,Long-term health problem or disability,NM_1547_1,All usual residents,TS038,"Health, Disability and Unpaid Care",Disability,NM_2056_1,NM_2056_1_1,NA,NA
NM_1547_1_2,2,Day-to-day activities limited a little,Long-term health problem or disability,NM_1547_1,All usual residents,TS038,"Health, Disability and Unpaid Care",Disability,NM_2056_1,NM_2056_1_2,NA,NA
NM_1547_1_3,3,Day-to-day activities not limited,Long-term health problem or disability,NM_1547_1,All usual residents,TS038,"Health, Disability and Unpaid Care",Disability,NM_2056_1,NM_2056_1_1002,NA,NA
NM_1545_1_0,0,All categories: Provision of unpaid care,Provision of unpaid care,NM_1545_1,All usual residents,TS039,"Health, Disability and Unpaid Care",Provision of unpaid care,NM_2057_1,NM_2057_1_0,NA,NA
NM_1545_1_1,1,Provides no unpaid care,Provision of unpaid care,NM_1545_1,All usual residents,TS039,"Health, Disability and Unpaid Care",Provision of unpaid care,NM_2057_1,NM_2057_1_1,NA,NA
NM_1545_1_2,2,Provides 1 to 19 hours unpaid care a week,Provision of unpaid care,NM_1545_1,All usual residents,TS039,"Health, Disability and Unpaid Care",Provision of unpaid care,NM_2057_1,NM_2057_1_101,NA,NA
NM_1545_1_3,3,Provides 20 to 49 hours unpaid care a week,Provision of unpaid care,NM_1545_1,All usual residents,TS039,"Health, Disability and Unpaid Care",Provision of unpaid care,NM_2057_1,NM_2057_1_102,NA,NA
NM_1545_1_4,4,Provides 50 or more hours unpaid care a week,Provision of unpaid care,NM_1545_1,All usual residents,TS039,"Health, Disability and Unpaid Care",Provision of unpaid care,NM_2057_1,NM_2057_1_6,NA,NA
NM_1549_1_0,0,All categories: Accommodation type,Accommodation type - Households,NM_1549_1,All households,TS044,Housing,Accommodation type,NM_2062_1,NM_2062_1_0,NA,NA
NM_1549_1_1,1,Unshared dwelling: Total,Accommodation type - Households,NM_1549_1,All households,TS044,Housing,Accommodation type,NM_2062_1,NA,NA,NA
NM_1549_1_2,2,Unshared dwelling: Whole house or bungalow: Total,Accommodation type - Households,NM_1549_1,All households,TS044,Housing,Accommodation type,NM_2062_1,NA,NA,NA
NM_1549_1_3,3,Unshared dwelling: Whole house or bungalow: Detached,Accommodation type - Households,NM_1549_1,All households,TS044,Housing,Accommodation type,NM_2062_1,NM_2062_1_1,NA,NA
NM_1549_1_4,4,Unshared dwelling: Whole house or bungalow: Semi-detached,Accommodation type - Households,NM_1549_1,All households,TS044,Housing,Accommodation type,NM_2062_1,NM_2062_1_2,NA,NA
NM_1549_1_5,5,Unshared dwelling: Whole house or bungalow: Terraced (including end-terrace),Accommodation type - Households,NM_1549_1,All households,TS044,Housing,Accommodation type,NM_2062_1,NM_2062_1_3,NA,NA
NM_1549_1_6,6,"Unshared dwelling: Flat, maisonette or apartment: Total",Accommodation type - Households,NM_1549_1,All households,TS044,Housing,Accommodation type,NM_2062_1,NA,NA,NA
NM_1549_1_7,7,"Unshared dwelling: Flat, maisonette or apartment: Purpose-built block of flats or tenement",Accommodation type - Households,NM_1549_1,All households,TS044,Housing,Accommodation type,NM_2062_1,NM_2062_1_4,NA,NA
NM_1549_1_8,8,"Unshared dwelling: Flat, maisonette or apartment: Part of a converted or shared house (including bed-sits)",Accommodation type - Households,NM_1549_1,All households,TS044,Housing,Accommodation type,NM_2062_1,NM_2062_1_5,NM_2062_1_6,NA
NM_1549_1_9,9,"Unshared dwelling: Flat, maisonette or apartment: In commercial building",Accommodation type - Households,NM_1549_1,All households,TS044,Housing,Accommodation type,NM_2062_1,NM_2062_1_7,NA,NA
NM_1549_1_10,10,Unshared dwelling: Caravan or other mobile or temporary structure,Accommodation type - Households,NM_1549_1,All households,TS044,Housing,Accommodation type,NM_2062_1,NM_2062_1_8,NA,NA
NM_1549_1_11,11,Shared dwelling,Accommodation type - Households,NM_1549_1,All households,TS044,Housing,Accommodation type,NM_2062_1,NA,NA,NA
NM_1508_1_0,0,All categories: Car or van availability,Car or van availability,NM_1508_1,All households,TS045,Housing,Car or van availability,NM_2063_1,NM_2063_1_0,NA,NA
NM_1508_1_1,1,No cars or vans in household,Car or van availability,NM_1508_1,All households,TS045,Housing,Car or van availability,NM_2063_1,NM_2063_1_1,NA,NA
NM_1508_1_2,2,1 car or van in household,Car or van availability,NM_1508_1,All households,TS045,Housing,Car or van availability,NM_2063_1,NM_2063_1_2,NA,NA
NM_1508_1_3,3,2 cars or vans in household,Car or van availability,NM_1508_1,All households,TS045,Housing,Car or van availability,NM_2063_1,NM_2063_1_3,NA,NA
NM_1508_1_4,4,3 cars or vans in household,Car or van availability,NM_1508_1,All households,TS045,Housing,Car or van availability,NM_2063_1,NM_2063_1_4,NA,NA
NM_1508_1_5,5,4 or more cars or vans in household,Car or van availability,NM_1508_1,All households,TS045,Housing,Car or van availability,NM_2063_1,NM_2063_1_4,NA,NA
NM_1508_1_6,6,sum of all cars or vans in the area,Car or van availability,NM_1508_1,All households,TS045,Housing,Car or van availability,NM_2063_1,NA,NA,NA
NM_1558_1_0,0,All categories: Type of central heating in household,Central heating,NM_1558_1,All households,TS046,Housing,Central heating,NM_2064_1,NM_2064_1_0,NA,NA
NM_1558_1_1,1,No central heating,Central heating,NM_1558_1,All households,TS046,Housing,Central heating,NM_2064_1,NM_2064_1_1,NA,NA
NM_1558_1_2,2,Gas central heating,Central heating,NM_1558_1,All households,TS046,Housing,Central heating,NM_2064_1,NM_2064_1_2,NM_2064_1_3,NA
NM_1558_1_3,3,Electric (including storage heaters) central heating,Central heating,NM_1558_1,All households,TS046,Housing,Central heating,NM_2064_1,NM_2064_1_4,NA,NA
NM_1558_1_4,4,Oil central heating,Central heating,NM_1558_1,All households,TS046,Housing,Central heating,NM_2064_1,NM_2064_1_5,NA,NA
NM_1558_1_5,5,"Solid fuel (for example wood, coal) central heating",Central heating,NM_1558_1,All households,TS046,Housing,Central heating,NM_2064_1,NM_2064_1_6,NM_2064_1_7,NA
NM_1558_1_6,6,Other central heating,Central heating,NM_1558_1,All households,TS046,Housing,Central heating,NM_2064_1,NM_2064_1_8,NM_2064_1_9,NM_2064_1_10
NM_1558_1_7,7,Two or more types of central heating,Central heating,NM_1558_1,All households,TS046,Housing,Central heating,NM_2064_1,NM_2064_1_12,NA,NA
NM_1554_1_0,0,All categories: Number of rooms,Number of rooms,NM_1554_1,All households,TS051,Housing,Number of rooms,NM_2069_1,NM_2069_1_0,NA,NA
NM_1554_1_1,1,1 room,Number of rooms,NM_1554_1,All households,TS051,Housing,Number of rooms,NM_2069_1,NM_2069_1_1,NA,NA
NM_1554_1_2,2,2 rooms,Number of rooms,NM_1554_1,All households,TS051,Housing,Number of rooms,NM_2069_1,NM_2069_1_2,NA,NA
NM_1554_1_3,3,3 rooms,Number of rooms,NM_1554_1,All households,TS051,Housing,Number of rooms,NM_2069_1,NM_2069_1_3,NA,NA
NM_1554_1_4,4,4 rooms,Number of rooms,NM_1554_1,All households,TS051,Housing,Number of rooms,NM_2069_1,NM_2069_1_4,NA,NA
NM_1554_1_5,5,5 rooms,Number of rooms,NM_1554_1,All households,TS051,Housing,Number of rooms,NM_2069_1,NM_2069_1_5,NA,NA
NM_1554_1_6,6,6 rooms,Number of rooms,NM_1554_1,All households,TS051,Housing,Number of rooms,NM_2069_1,NM_2069_1_6,NA,NA
NM_1554_1_7,7,7 rooms,Number of rooms,NM_1554_1,All households,TS051,Housing,Number of rooms,NM_2069_1,NM_2069_1_7,NA,NA
NM_1554_1_8,8,8 rooms,Number of rooms,NM_1554_1,All households,TS051,Housing,Number of rooms,NM_2069_1,NM_2069_1_8,NA,NA
NM_1554_1_9,9,9 or more rooms,Number of rooms,NM_1554_1,All households,TS051,Housing,Number of rooms,NM_2069_1,NM_2069_1_9,NA,NA
NM_1555_1_0,0,All categories: Occupancy rating (rooms),Occupancy rating,NM_1555_1,All households,TS053,Housing,Occupancy rating for rooms,NM_2071_1,NM_2071_1_0,NA,NA
NM_1555_1_1,1,Occupancy rating (rooms) of +2 or more,Occupancy rating,NM_1555_1,All households,TS053,Housing,Occupancy rating for rooms,NM_2071_1,NM_2071_1_1,NA,NA
NM_1555_1_2,2,Occupancy rating (rooms) of +1,Occupancy rating,NM_1555_1,All households,TS053,Housing,Occupancy rating for rooms,NM_2071_1,NM_2071_1_2,NA,NA
NM_1555_1_3,3,Occupancy rating (rooms) of 0,Occupancy rating,NM_1555_1,All households,TS053,Housing,Occupancy rating for rooms,NM_2071_1,NM_2071_1_3,NA,NA
NM_1555_1_4,4,Occupancy rating (rooms) of -1,Occupancy rating,NM_1555_1,All households,TS053,Housing,Occupancy rating for rooms,NM_2071_1,NM_2071_1_4,NA,NA
NM_1555_1_5,5,Occupancy rating (rooms) of -2 or less,Occupancy rating,NM_1555_1,All households,TS053,Housing,Occupancy rating for rooms,NM_2071_1,NM_2071_1_5,NA,NA
NM_1552_1_0,0,All categories: Tenure,Tenure - Households,NM_1552_1,All households,TS054,Housing,Tenure,NM_2072_1,NM_2072_1_0,NA,NA
NM_1552_1_1,1,Owned: Total,Tenure - Households,NM_1552_1,All households,TS054,Housing,Tenure,NM_2072_1,NM_2072_1_1001,NA,NA
NM_1552_1_2,2,Owned: Owned outright,Tenure - Households,NM_1552_1,All households,TS054,Housing,Tenure,NM_2072_1,NM_2072_1_1,NA,NA
NM_1552_1_3,3,Owned: Owned with a mortgage or loan,Tenure - Households,NM_1552_1,All households,TS054,Housing,Tenure,NM_2072_1,NM_2072_1_2,NA,NA
NM_1552_1_4,4,Shared ownership (part owned and part rented),Tenure - Households,NM_1552_1,All households,TS054,Housing,Tenure,NM_2072_1,NM_2072_1_1002,NA,NA
NM_1552_1_5,5,Social rented: Total,Tenure - Households,NM_1552_1,All households,TS054,Housing,Tenure,NM_2072_1,NM_2072_1_1003,NA,NA
NM_1552_1_6,6,Social rented: Rented from council (Local Authority),Tenure - Households,NM_1552_1,All households,TS054,Housing,Tenure,NM_2072_1,NM_2072_1_4,NA,NA
NM_1552_1_7,7,Social rented: Other social rented,Tenure - Households,NM_1552_1,All households,TS054,Housing,Tenure,NM_2072_1,NM_2072_1_5,NA,NA
NM_1552_1_8,8,Private rented: Total,Tenure - Households,NM_1552_1,All households,TS054,Housing,Tenure,NM_2072_1,NM_2072_1_1004,NA,NA
NM_1552_1_9,9,Private rented: Private landlord or letting agency,Tenure - Households,NM_1552_1,All households,TS054,Housing,Tenure,NM_2072_1,NM_2072_1_6,NA,NA
NM_1552_1_10,10,Private rented: Employer of a household member,Tenure - Households,NM_1552_1,All households,TS054,Housing,Tenure,NM_2072_1,NM_2072_1_7,NA,NA
NM_1552_1_11,11,Private rented: Relative or friend of household member,Tenure - Households,NM_1552_1,All households,TS054,Housing,Tenure,NM_2072_1,NM_2072_1_7,NA,NA
NM_1552_1_12,12,Private rented: Other,Tenure - Households,NM_1552_1,All households,TS054,Housing,Tenure,NM_2072_1,NM_2072_1_7,NA,NA
NM_1552_1_13,13,Living rent free,Tenure - Households,NM_1552_1,All households,TS054,Housing,Tenure,NM_2072_1,NM_2072_1_8,NA,NA
NM_1567_1_0,0,All categories: Hours worked,Hours worked,NM_1567_1,All usual residents aged 16 years and over,TS059,Labour Market,Hours worked,NM_2076_1,NM_2076_1_0,NA,NA
NM_1567_1_1,1,Part-time: Total,Hours worked,NM_1567_1,All usual residents aged 16 years and over,TS059,Labour Market,Hours worked,NM_2076_1,NM_2076_1_1001,NA,NA
NM_1567_1_2,2,Part-time: 15 hours or less worked,Hours worked,NM_1567_1,All usual residents aged 16 years and over,TS059,Labour Market,Hours worked,NM_2076_1,NM_2076_1_1,NA,NA
NM_1567_1_3,3,Part-time: 16 to 30 hours worked,Hours worked,NM_1567_1,All usual residents aged 16 years and over,TS059,Labour Market,Hours worked,NM_2076_1,NM_2076_1_2,NA,NA
NM_1567_1_4,4,Full-time: Total,Hours worked,NM_1567_1,All usual residents aged 16 years and over,TS059,Labour Market,Hours worked,NM_2076_1,NM_2076_1_1002,NA,NA
NM_1567_1_5,5,Full-time: 31 to 48 hours worked,Hours worked,NM_1567_1,All usual residents aged 16 years and over,TS059,Labour Market,Hours worked,NM_2076_1,NM_2076_1_3,NA,NA
NM_1567_1_6,6,Full-time: 49 or more hours worked,Hours worked,NM_1567_1,All usual residents aged 16 years and over,TS059,Labour Market,Hours worked,NM_2076_1,NM_2076_1_4,NA,NA
NM_1521_1_0,0,All categories: NS-SeC,NS-SeC,NM_1521_1,All usual residents aged 16 years and over,TS062,Labour Market,NS-SeC,NM_2079_1,NM_2079_1_0,NA,NA
NM_1521_1_1,1,"1. Higher managerial, administrative and professional occupations",NS-SeC,NM_1521_1,All usual residents aged 16 years and over,TS062,Labour Market,NS-SeC,NM_2079_1,NM_2079_1_1,NA,NA
NM_1521_1_2,2,1.1 Large employers and higher managerial and administrative occupations,NS-SeC,NM_1521_1,All usual residents aged 16 years and over,TS062,Labour Market,NS-SeC,NM_2079_1,NA,NA,NA
NM_1521_1_3,3,1.2 Higher professional occupations,NS-SeC,NM_1521_1,All usual residents aged 16 years and over,TS062,Labour Market,NS-SeC,NM_2079_1,NA,NA,NA
NM_1521_1_4,4,"2. Lower managerial, administrative and professional occupations",NS-SeC,NM_1521_1,All usual residents aged 16 years and over,TS062,Labour Market,NS-SeC,NM_2079_1,NM_2079_1_2,NA,NA
NM_1521_1_5,5,3. Intermediate occupations,NS-SeC,NM_1521_1,All usual residents aged 16 years and over,TS062,Labour Market,NS-SeC,NM_2079_1,NM_2079_1_3,NA,NA
NM_1521_1_6,6,4. Small employers and own account workers,NS-SeC,NM_1521_1,All usual residents aged 16 years and over,TS062,Labour Market,NS-SeC,NM_2079_1,NM_2079_1_4,NA,NA
NM_1521_1_7,7,5. Lower supervisory and technical occupations,NS-SeC,NM_1521_1,All usual residents aged 16 years and over,TS062,Labour Market,NS-SeC,NM_2079_1,NM_2079_1_5,NA,NA
NM_1521_1_8,8,6. Semi-routine occupations,NS-SeC,NM_1521_1,All usual residents aged 16 years and over,TS062,Labour Market,NS-SeC,NM_2079_1,NM_2079_1_6,NA,NA
NM_1521_1_9,9,7. Routine occupations,NS-SeC,NM_1521_1,All usual residents aged 16 years and over,TS062,Labour Market,NS-SeC,NM_2079_1,NM_2079_1_7,NA,NA
NM_1521_1_10,10,8. Never worked and long-term unemployed,NS-SeC,NM_1521_1,All usual residents aged 16 years and over,TS062,Labour Market,NS-SeC,NM_2079_1,NM_2079_1_8,NA,NA
NM_1521_1_11,11,L14.1 Never worked,NS-SeC,NM_1521_1,All usual residents aged 16 years and over,TS062,Labour Market,NS-SeC,NM_2079_1,NA,NA,NA
NM_1521_1_12,12,L14.2 Long-term unemployed,NS-SeC,NM_1521_1,All usual residents aged 16 years and over,TS062,Labour Market,NS-SeC,NM_2079_1,NA,NA,NA
NM_1521_1_13,13,L15 Full-time students,NS-SeC,NM_1521_1,All usual residents aged 16 years and over,TS062,Labour Market,NS-SeC,NM_2079_1,NM_2079_1_9,NA,NA
NM_1518_1_0,0,All categories: Occupation,Occupation,NM_1518_1,All usual residents aged 16 years and over,TS063,Labour Market,Occupation,NM_2080_1,NM_2080_1_0,NA,NA
NM_1518_1_1,1,"1. Managers, directors and senior officials",Occupation,NM_1518_1,All usual residents aged 16 years and over,TS063,Labour Market,Occupation,NM_2080_1,NM_2080_1_1,NA,NA
NM_1518_1_2,2,2. Professional occupations,Occupation,NM_1518_1,All usual residents aged 16 years and over,TS063,Labour Market,Occupation,NM_2080_1,NM_2080_1_2,NA,NA
NM_1518_1_3,3,3. Associate professional and technical occupations,Occupation,NM_1518_1,All usual residents aged 16 years and over,TS063,Labour Market,Occupation,NM_2080_1,NM_2080_1_3,NA,NA
NM_1518_1_4,4,4. Administrative and secretarial occupations,Occupation,NM_1518_1,All usual residents aged 16 years and over,TS063,Labour Market,Occupation,NM_2080_1,NM_2080_1_4,NA,NA
NM_1518_1_5,5,5. Skilled trades occupations,Occupation,NM_1518_1,All usual residents aged 16 years and over,TS063,Labour Market,Occupation,NM_2080_1,NM_2080_1_5,NA,NA
NM_1518_1_6,6,"6. Caring, leisure and other service occupations",Occupation,NM_1518_1,All usual residents aged 16 years and over,TS063,Labour Market,Occupation,NM_2080_1,NM_2080_1_6,NA,NA
NM_1518_1_7,7,7. Sales and customer service occupations,Occupation,NM_1518_1,All usual residents aged 16 years and over,TS063,Labour Market,Occupation,NM_2080_1,NM_2080_1_7,NA,NA
NM_1518_1_8,8,8. Process plant and machine operatives,Occupation,NM_1518_1,All usual residents aged 16 years and over,TS063,Labour Market,Occupation,NM_2080_1,NM_2080_1_8,NA,NA
NM_1518_1_9,9,9. Elementary occupations,Occupation,NM_1518_1,All usual residents aged 16 years and over,TS063,Labour Market,Occupation,NM_2080_1,NM_2080_1_9,NA,NA
NM_1575_1_0,0,All categories: Year last worked,Year last worked,NM_1575_1,All usual residents aged 16 years and over,TS065,Labour Market,Employment history,NM_2082_1,NA,NA,NA
NM_1575_1_1,1,In employment,Year last worked,NM_1575_1,All usual residents aged 16 years and over,TS065,Labour Market,Employment history,NM_2082_1,NA,NA,NA
NM_1575_1_2,2,Not in employment: Total,Year last worked,NM_1575_1,All usual residents aged 16 years and over,TS065,Labour Market,Employment history,NM_2082_1,NA,NA,NA
NM_1575_1_3,3,Last worked in 2011,Year last worked,NM_1575_1,All usual residents aged 16 years and over,TS065,Labour Market,Employment history,NM_2082_1,NA,NA,NA
NM_1575_1_4,4,Last worked in 2010,Year last worked,NM_1575_1,All usual residents aged 16 years and over,TS065,Labour Market,Employment history,NM_2082_1,NA,NA,NA
NM_1575_1_5,5,Last worked in 2009,Year last worked,NM_1575_1,All usual residents aged 16 years and over,TS065,Labour Market,Employment history,NM_2082_1,NA,NA,NA
NM_1575_1_6,6,Last worked in 2008,Year last worked,NM_1575_1,All usual residents aged 16 years and over,TS065,Labour Market,Employment history,NM_2082_1,NA,NA,NA
NM_1575_1_7,7,Last worked in 2007,Year last worked,NM_1575_1,All usual residents aged 16 years and over,TS065,Labour Market,Employment history,NM_2082_1,NA,NA,NA
NM_1575_1_8,8,Last worked in 2006,Year last worked,NM_1575_1,All usual residents aged 16 years and over,TS065,Labour Market,Employment history,NM_2082_1,NA,NA,NA
NM_1575_1_9,9,Last worked in 2001 - 2005,Year last worked,NM_1575_1,All usual residents aged 16 years and over,TS065,Labour Market,Employment history,NM_2082_1,NA,NA,NA
NM_1575_1_10,10,Last worked before 2001,Year last worked,NM_1575_1,All usual residents aged 16 years and over,TS065,Labour Market,Employment history,NM_2082_1,NA,NA,NA
NM_1575_1_11,11,Never worked,Year last worked,NM_1575_1,All usual residents aged 16 years and over,TS065,Labour Market,Employment history,NM_2082_1,NA,NA,NA
NM_1565_1_0,0,All categories: Economic activity,Economic activity,NM_1565_1,All usual residents aged 16 years and over,TS066,Labour Market,Economic activity status,NM_2083_1,NM_2083_1_0,NA,NA
NM_1565_1_1,1,Economically active: Total,Economic activity,NM_1565_1,All usual residents aged 16 years and over,TS066,Labour Market,Economic activity status,NM_2083_1,NM_2083_1_1001,NM_2083_1_1006,NA
NM_1565_1_2,2,Economically active: Employee: Part-time,Economic activity,NM_1565_1,All usual residents aged 16 years and over,TS066,Labour Market,Economic activity status,NM_2083_1,NM_2083_1_1,NA,NA
NM_1565_1_3,3,Economically active: Employee: Full-time,Economic activity,NM_1565_1,All usual residents aged 16 years and over,TS066,Labour Market,Economic activity status,NM_2083_1,NM_2083_1_2,NA,NA
NM_1565_1_4,4,Economically active: Self-employed with employees: Part-time,Economic activity,NM_1565_1,All usual residents aged 16 years and over,TS066,Labour Market,Economic activity status,NM_2083_1,NM_2083_1_3,NA,NA
NM_1565_1_5,5,Economically active: Self-employed with employees: Full-time,Economic activity,NM_1565_1,All usual residents aged 16 years and over,TS066,Labour Market,Economic activity status,NM_2083_1,NM_2083_1_4,NA,NA
NM_1565_1_6,6,Economically active: Self-employed without employees: Part-time,Economic activity,NM_1565_1,All usual residents aged 16 years and over,TS066,Labour Market,Economic activity status,NM_2083_1,NM_2083_1_5,NA,NA
NM_1565_1_7,7,Economically active: Self-employed without employees: Full-time,Economic activity,NM_1565_1,All usual residents aged 16 years and over,TS066,Labour Market,Economic activity status,NM_2083_1,NM_2083_1_6,NA,NA
NM_1565_1_8,8,Economically active: Unemployed,Economic activity,NM_1565_1,All usual residents aged 16 years and over,TS066,Labour Market,Economic activity status,NM_2083_1,NM_2083_1_7,NA,NA
NM_1565_1_9,9,Economically active: Full-time student,Economic activity,NM_1565_1,All usual residents aged 16 years and over,TS066,Labour Market,Economic activity status,NM_2083_1,NM_2083_1_1006,NA,NA
NM_1565_1_10,10,Economically inactive: Total,Economic activity,NM_1565_1,All usual residents aged 16 years and over,TS066,Labour Market,Economic activity status,NM_2083_1,NM_2083_1_1011,NA,NA
NM_1565_1_11,11,Economically inactive: Retired,Economic activity,NM_1565_1,All usual residents aged 16 years and over,TS066,Labour Market,Economic activity status,NM_2083_1,NM_2083_1_15,NA,NA
NM_1565_1_12,12,Economically inactive: Student (including full-time students),Economic activity,NM_1565_1,All usual residents aged 16 years and over,TS066,Labour Market,Economic activity status,NM_2083_1,NM_2083_1_16,NA,NA
NM_1565_1_13,13,Economically inactive: Looking after home or family,Economic activity,NM_1565_1,All usual residents aged 16 years and over,TS066,Labour Market,Economic activity status,NM_2083_1,NM_2083_1_17,NA,NA
NM_1565_1_14,14,Economically inactive: Long-term sick or disabled,Economic activity,NM_1565_1,All usual residents aged 16 years and over,TS066,Labour Market,Economic activity status,NM_2083_1,NM_2083_1_18,NA,NA
NM_1565_1_15,15,Economically inactive: Other,Economic activity,NM_1565_1,All usual residents aged 16 years and over,TS066,Labour Market,Economic activity status,NM_2083_1,NM_2083_1_19,NA,NA
NM_1564_1_0,0,All categories: Highest level of qualification,Highest level of qualification,NM_1564_1,All usual residents aged 16 years and over,TS067,Education,Highest level of qualification,NM_2084_1,NM_2084_1_0,NA,NA
NM_1564_1_1,1,No qualifications,Highest level of qualification,NM_1564_1,All usual residents aged 16 years and over,TS067,Education,Highest level of qualification,NM_2084_1,NM_2084_1_1,NA,NA
NM_1564_1_2,2,Level 1 qualifications,Highest level of qualification,NM_1564_1,All usual residents aged 16 years and over,TS067,Education,Highest level of qualification,NM_2084_1,NM_2084_1_2,NA,NA
NM_1564_1_3,3,Level 2 qualifications,Highest level of qualification,NM_1564_1,All usual residents aged 16 years and over,TS067,Education,Highest level of qualification,NM_2084_1,NM_2084_1_3,NA,NA
NM_1564_1_4,4,Apprenticeship,Highest level of qualification,NM_1564_1,All usual residents aged 16 years and over,TS067,Education,Highest level of qualification,NM_2084_1,NM_2084_1_4,NA,NA
NM_1564_1_5,5,Level 3 qualifications,Highest level of qualification,NM_1564_1,All usual residents aged 16 years and over,TS067,Education,Highest level of qualification,NM_2084_1,NM_2084_1_5,NA,NA
NM_1564_1_6,6,Level 4 qualifications and above,Highest level of qualification,NM_1564_1,All usual residents aged 16 years and over,TS067,Education,Highest level of qualification,NM_2084_1,NM_2084_1_6,NA,NA
NM_1564_1_7,7,Other qualifications,Highest level of qualification,NM_1564_1,All usual residents aged 16 years and over,TS067,Education,Highest level of qualification,NM_2084_1,NM_2084_1_7,NA,NA
NM_1533_1_0,0,All persons,Schoolchildren and full-time students at their non term-time address,NM_1533_1,All usual residents aged 5 years and over,TS068,Education,Schoolchildren and full-time students,NM_2085_1,NM_2085_1_1,NA,NA
NM_1533_1_1,1,Males,Schoolchildren and full-time students at their non term-time address,NM_1533_1,All usual residents aged 5 years and over,TS068,Education,Schoolchildren and full-time students,NM_2085_1,NA,NA,NA
NM_1533_1_2,2,Females,Schoolchildren and full-time students at their non term-time address,NM_1533_1,All usual residents aged 5 years and over,TS068,Education,Schoolchildren and full-time students,NM_2085_1,NA,NA,NA